Date,Close,Volume,next_day_return,vix,treasury_10y,dxy,oil,nasdaq,sp500,vix_change,treasury_10y_change,dxy_change,oil_change,nasdaq_change,sp500_change,rsi,ma_5,ma_20,ma_50,volume_ratio,sentiment_score,news_count
2025-10-31,456.55999755859375,83135800,2.586735066967427,17.440000534057617,4.10099983215332,99.80000305175781,60.97999954223633,23724.9609375,6840.2001953125,,,,,,,33.831584788410055,455.4340026855469,426.1445007324219,444.14720153808594,0.4236215376967886,0.0,0.0
2025-10-31,456.55999755859375,83135800,2.586735066967427,17.440000534057617,4.10099983215332,99.80000305175781,60.97999954223633,23724.9609375,6840.2001953125,,,,,,,33.831584788410055,455.4340026855469,426.1445007324219,444.14720153808594,0.4236215376967886,0.0,0.0
2025-11-03,468.3699951171875,84595200,-5.147636612701911,17.440000534057617,4.10099983215332,99.87000274658203,61.04999923706055,23834.720703125,6851.97021484375,,,,,,,33.831584788410055,455.4340026855469,426.1445007324219,444.14720153808594,0.4236215376967886,0.0,0.0
2025-11-03,468.3699951171875,84595200,-5.147636612701911,17.170000076293945,4.105999946594238,99.87000274658203,61.04999923706055,23834.720703125,6851.97021484375,,,,,,,33.831584788410055,455.4340026855469,426.1445007324219,444.14720153808594,0.4236215376967886,0.0,0.0
2025-11-04,444.260009765625,87756600,4.008913061517649,17.170000076293945,4.105999946594238,100.22000122070312,60.560001373291016,23348.640625,6771.5498046875,,,,,,,33.831584788410055,455.4340026855469,426.1445007324219,444.14720153808594,0.4236215376967886,0.0,0.0
2025-11-04,444.260009765625,87756600,4.008913061517649,19.0,4.089000225067139,100.22000122070312,60.560001373291016,23348.640625,6771.5498046875,,,,,,,33.831584788410055,455.4340026855469,426.1445007324219,444.14720153808594,0.4236215376967886,0.0,0.0
2025-11-05,462.07000732421875,85573000,-3.4973063401560367,19.0,4.089000225067139,100.19999694824219,59.599998474121094,23499.80078125,6796.2900390625,,,,,,,33.831584788410055,455.4340026855469,426.1445007324219,444.14720153808594,0.4236215376967886,0.0,0.0
2025-11-05,462.07000732421875,85573000,-3.4973063401560367,18.010000228881836,4.1570000648498535,100.19999694824219,59.599998474121094,23499.80078125,6796.2900390625,,,,,,,33.831584788410055,455.4340026855469,426.1445007324219,444.14720153808594,0.4236215376967886,0.0,0.0
2025-11-06,445.9100036621094,109622900,-3.675632866235745,18.010000228881836,4.1570000648498535,99.7300033569336,59.43000030517578,23053.990234375,6720.31982421875,,,,,,,33.831584788410055,455.4340026855469,426.1445007324219,444.14720153808594,0.4236215376967886,0.0,0.0
2025-11-06,445.9100036621094,109622900,-3.675632866235745,19.5,4.0929999351501465,99.7300033569336,59.43000030517578,23053.990234375,6720.31982421875,,,,,,,33.831584788410055,455.4340026855469,426.1445007324219,444.14720153808594,0.4236215376967886,0.0,0.0
2025-11-07,429.5199890136719,103471500,3.6575764515015763,19.5,4.0929999351501465,99.5999984741211,59.75,23004.5390625,6728.7998046875,,,,,,,33.831584788410055,450.0260009765625,426.1445007324219,444.14720153808594,0.4236215376967886,0.0,0.0
2025-11-07,429.5199890136719,103471500,3.6575764515015763,19.079999923706055,4.0929999351501465,99.5999984741211,59.75,23004.5390625,6728.7998046875,,,,,,,33.831584788410055,450.0260009765625,426.1445007324219,444.14720153808594,0.4236215376967886,0.0,0.0
2025-11-10,445.2300109863281,76515900,-1.260026442672324,19.079999923706055,4.0929999351501465,99.62000274658203,60.130001068115234,23527.169921875,6832.43017578125,,,,,,,33.831584788410055,445.39800415039065,426.1445007324219,444.14720153808594,0.4236215376967886,0.0,0.0
2025-11-10,445.2300109863281,76515900,-1.260026442672324,17.600000381469727,4.110000133514404,99.62000274658203,60.130001068115234,23527.169921875,6832.43017578125,,,,,,,33.831584788410055,445.39800415039065,426.1445007324219,444.14720153808594,0.4236215376967886,0.0,0.0
2025-11-11,439.6199951171875,60533200,-2.051769508633805,17.600000381469727,4.110000133514404,99.45999908447266,61.040000915527344,23468.30078125,6846.60986328125,,,,,,,33.831584788410055,444.4700012207031,426.1445007324219,444.14720153808594,0.4236215376967886,0.0,0.0
2025-11-11,439.6199951171875,60533200,-2.051769508633805,17.280000686645508,4.119999885559082,99.45999908447266,61.040000915527344,23468.30078125,6846.60986328125,,,,,,,33.831584788410055,444.4700012207031,426.1445007324219,444.14720153808594,0.4236215376967886,0.0,0.0
2025-11-12,430.6000061035156,58513500,-6.644220962287406,17.280000686645508,4.119999885559082,99.4800033569336,58.4900016784668,23406.4609375,6850.919921875,,,,,,,33.831584788410055,438.1760009765625,426.1445007324219,444.14720153808594,0.4236215376967886,0.0,0.0
2025-11-12,430.6000061035156,58513500,-6.644220962287406,17.510000228881836,4.065000057220459,99.4800033569336,58.4900016784668,23406.4609375,6850.919921875,,,,,,,33.831584788410055,438.1760009765625,426.1445007324219,444.14720153808594,0.4236215376967886,0.0,0.0
2025-11-13,401.989990234375,118948000,0.5870832424868633,17.510000228881836,4.065000057220459,99.18000030517578,58.689998626708984,22870.359375,6737.490234375,,,,,,,33.831584788410055,429.3919982910156,426.1445007324219,444.14720153808594,0.4236215376967886,0.0,0.0
2025-11-13,401.989990234375,118948000,0.5870832424868633,20.0,4.111999988555908,99.18000030517578,58.689998626708984,22870.359375,6737.490234375,,,,,,,33.831584788410055,429.3919982910156,426.1445007324219,444.14720153808594,0.4236215376967886,0.0,0.0
2025-11-14,404.3500061035156,105506700,1.1302107716671506,20.0,4.111999988555908,99.2699966430664,60.09000015258789,22900.58984375,6734.10986328125,,,,,,,33.831584788410055,424.3580017089844,426.1445007324219,444.14720153808594,0.4236215376967886,0.0,0.0
2025-11-14,404.3500061035156,105506700,1.1302107716671506,19.829999923706055,4.1479997634887695,99.2699966430664,60.09000015258789,22900.58984375,6734.10986328125,,,,,,,33.831584788410055,424.3580017089844,426.1445007324219,444.14720153808594,0.4236215376967886,0.0,0.0
2025-11-17,408.9200134277344,102214300,-1.8756757252943457,19.829999923706055,4.1479997634887695,99.58999633789062,59.90999984741211,22708.0703125,6672.41015625,,,,,,,33.831584788410055,417.09600219726565,426.1445007324219,444.14720153808594,0.4236215376967886,0.0,0.0
2025-11-17,408.9200134277344,102214300,-1.8756757252943457,22.3799991607666,4.132999897003174,99.58999633789062,59.90999984741211,22708.0703125,6672.41015625,,,,,,,33.831584788410055,417.09600219726565,426.1445007324219,444.14720153808594,0.4236215376967886,0.0,0.0
2025-11-18,401.25,80688600,0.6828636098130891,22.3799991607666,4.132999897003174,99.55000305175781,60.7400016784668,22432.849609375,6617.31982421875,,,,,,,33.831584788410055,409.4220031738281,426.1445007324219,444.14720153808594,0.4236215376967886,0.0,0.0
2025-11-18,401.25,80688600,0.6828636098130891,24.690000534057617,4.123000144958496,99.55000305175781,60.7400016784668,22432.849609375,6617.31982421875,,,,,,,33.831584788410055,409.4220031738281,426.1445007324219,444.14720153808594,0.4236215376967886,0.0,0.0
2025-11-19,403.989990234375,72047700,-2.168365419886953,24.690000534057617,4.123000144958496,100.2300033569336,59.439998626708984,22564.23046875,6642.16015625,,,,,,,33.831584788410055,404.1,426.1445007324219,444.14720153808594,0.4236215376967886,0.0,0.0
2025-11-19,403.989990234375,72047700,-2.168365419886953,23.65999984741211,4.132999897003174,100.2300033569336,59.439998626708984,22564.23046875,6642.16015625,,,,,,,33.831584788410055,404.1,426.1445007324219,444.14720153808594,0.4236215376967886,0.0,0.0
2025-11-20,395.2300109863281,113548800,-1.0474950113494086,23.65999984741211,4.132999897003174,100.16000366210938,59.13999938964844,22078.05078125,6538.759765625,,,,,,,32.101800755698605,402.7480041503906,426.1445007324219,444.14720153808594,0.4236215376967886,0.0,0.0
2025-11-20,395.2300109863281,113548800,-1.0474950113494086,26.420000076293945,4.105999946594238,100.16000366210938,59.13999938964844,22078.05078125,6538.759765625,,,,,,,32.101800755698605,402.7480041503906,426.1445007324219,444.14720153808594,0.4236215376967886,0.0,0.0
2025-11-21,391.0899963378906,100460600,6.82451678419993,26.420000076293945,4.105999946594238,100.18000030517578,58.060001373291016,22273.080078125,6602.990234375,,,,,,,26.390086695172855,400.09600219726565,426.1445007324219,444.14720153808594,0.4236215376967886,0.0,0.0
2025-11-21,391.0899963378906,100460600,6.82451678419993,23.43000030517578,4.063000202178955,100.18000030517578,58.060001373291016,22273.080078125,6602.990234375,,,,,,,26.390086695172855,400.09600219726565,426.1445007324219,444.14720153808594,0.4236215376967886,0.0,0.0
2025-11-24,417.7799987792969,96806400,0.38776272725380423,23.43000030517578,4.063000202178955,100.13999938964844,58.84000015258789,22872.009765625,6705.1201171875,,,,,,,42.03561177856042,401.8679992675781,426.1445007324219,444.14720153808594,0.4236215376967886,0.0,0.0
2025-11-24,417.7799987792969,96806400,0.38776272725380423,20.520000457763672,4.038000106811523,100.13999938964844,58.84000015258789,22872.009765625,6705.1201171875,,,,,,,42.03561177856042,401.8679992675781,426.1445007324219,444.14720153808594,0.4236215376967886,0.0,0.0
2025-11-25,419.3999938964844,71915600,1.7119677587676296,20.520000457763672,4.038000106811523,99.66000366210938,57.95000076293945,23025.58984375,6765.8798828125,,,,,,,35.781409242235,405.497998046875,426.1445007324219,444.14720153808594,0.4236215376967886,0.0,0.0
2025-11-25,419.3999938964844,71915600,1.7119677587676296,18.559999465942383,4.001999855041504,99.66000366210938,57.95000076293945,23025.58984375,6765.8798828125,,,,,,,35.781409242235,405.497998046875,426.1445007324219,444.14720153808594,0.4236215376967886,0.0,0.0
2025-11-26,426.5799865722656,63463000,0.8415835173881447,18.559999465942383,4.001999855041504,99.5999984741211,58.650001525878906,23214.689453125,6812.60986328125,,,,,,,43.14878864288891,410.0159973144531,426.1445007324219,444.14720153808594,0.4236215376967886,0.0,0.0
2025-11-26,426.5799865722656,63463000,0.8415835173881447,17.190000534057617,3.997999906539917,99.5999984741211,58.650001525878906,23214.689453125,6812.60986328125,,,,,,,43.14878864288891,410.0159973144531,426.1445007324219,444.14720153808594,0.4236215376967886,0.0,0.0
2025-11-28,430.1700134277344,36252900,-0.006973703038437584,17.190000534057617,3.997999906539917,99.45999908447266,58.54999923706055,23365.689453125,6849.08984375,,,,,,,50.2533811513925,417.0039978027344,426.1445007324219,444.14720153808594,0.4236215376967886,0.0,0.0
2025-11-28,430.1700134277344,36252900,-0.006973703038437584,16.350000381469727,4.017000198364258,99.45999908447266,58.54999923706055,23365.689453125,6849.08984375,,,,,,,50.2533811513925,417.0039978027344,426.1445007324219,444.14720153808594,0.4236215376967886,0.0,0.0
2025-12-01,430.1400146484375,57463600,-0.20923987153301793,16.350000381469727,4.017000198364258,99.41000366210938,59.31999969482422,23275.919921875,6812.6298828125,,,,,,,43.29869941894929,424.8140014648437,424.82350158691406,444.14720153808594,0.6816972319796334,0.0,0.0
2025-12-01,430.1400146484375,57463600,-0.20923987153301793,17.239999771118164,4.0960001945495605,99.41000366210938,59.31999969482422,23275.919921875,6812.6298828125,,,,,,,43.29869941894929,424.8140014648437,424.82350158691406,444.14720153808594,0.6816972319796334,0.0,0.0
2025-12-02,429.239990234375,69336600,4.076973347810542,17.239999771118164,4.0960001945495605,99.36000061035156,58.63999938964844,23413.669921875,6829.3701171875,,,,,,,45.18909967541854,427.1059997558594,422.86700134277345,444.14720153808594,0.8300606342697293,0.0,0.0
2025-12-02,429.239990234375,69336600,4.076973347810542,16.59000015258789,4.085999965667725,99.36000061035156,58.63999938964844,23413.669921875,6829.3701171875,,,,,,,45.18909967541854,427.1059997558594,422.86700134277345,444.14720153808594,0.8300606342697293,0.0,0.0
2025-12-03,446.739990234375,87483000,1.7437455153354264,16.59000015258789,4.085999965667725,98.8499984741211,58.95000076293945,23454.08984375,6849.72021484375,,,,,,,56.93536157772313,432.5739990234375,422.9910003662109,444.14720153808594,1.0474711587126604,0.0,0.0
2025-12-03,446.739990234375,87483000,1.7437455153354264,16.079999923706055,4.057000160217285,98.8499984741211,58.95000076293945,23454.08984375,6849.72021484375,,,,,,,56.93536157772313,432.5739990234375,422.9910003662109,444.14720153808594,1.0474711587126604,0.0,0.0
2025-12-04,454.5299987792969,71906500,0.10340378456106247,16.079999923706055,4.057000160217285,98.98999786376953,59.66999816894531,23505.140625,6857.1201171875,,,,,,,77.49632105976477,438.16400146484375,422.61399993896487,444.14720153808594,0.8680694197190764,0.0,0.0
2025-12-04,454.5299987792969,71906500,0.10340378456106247,15.779999732971191,4.107999801635742,98.98999786376953,59.66999816894531,23505.140625,6857.1201171875,,,,,,,77.49632105976477,438.16400146484375,422.61399993896487,444.14720153808594,0.8680694197190764,0.0,0.0
2025-12-05,455.0,56427500,-3.3890139401614006,15.779999732971191,4.107999801635742,98.98999786376953,60.08000183105469,23578.130859375,6870.39990234375,,,,,,,77.0421592029263,443.1299987792969,423.06849975585936,444.14720153808594,0.7038024665858312,0.0,0.0
2025-12-05,455.0,56427500,-3.3890139401614006,15.40999984741211,4.138999938964844,98.98999786376953,60.08000183105469,23578.130859375,6870.39990234375,,,,,,,77.0421592029263,443.1299987792969,423.06849975585936,444.14720153808594,0.7038024665858312,0.0,0.0
2025-12-08,439.5799865722656,69165800,1.271674558948499,15.40999984741211,4.138999938964844,99.08999633789062,58.880001068115234,23545.900390625,6846.509765625,,,,,,,64.6698350416353,445.0179931640625,423.5714996337891,444.14720153808594,0.8815431983034393,0.0,0.0
2025-12-08,439.5799865722656,69165800,1.271674558948499,16.65999984741211,4.171999931335449,99.08999633789062,58.880001068115234,23545.900390625,6846.509765625,,,,,,,64.6698350416353,445.0179931640625,423.5714996337891,444.14720153808594,0.8815431983034393,0.0,0.0
2025-12-09,445.1700134277344,62367400,1.4106967203253218,16.65999984741211,4.171999931335449,99.22000122070312,58.25,23576.490234375,6840.509765625,,,,,,,71.44111574711249,448.20399780273436,423.56849975585936,444.14720153808594,0.8021274175352724,0.0,0.0
2025-12-09,445.1700134277344,62367400,1.4106967203253218,16.93000030517578,4.185999870300293,99.22000122070312,58.25,23576.490234375,6840.509765625,,,,,,,71.44111574711249,448.20399780273436,423.56849975585936,444.14720153808594,0.8021274175352724,0.0,0.0
2025-12-10,451.45001220703125,63257500,-1.0100780674035192,16.93000030517578,4.185999870300293,98.79000091552734,58.459999084472656,23654.150390625,6886.68017578125,,,,,,,72.39523631231819,449.1460021972656,424.1600006103516,444.14720153808594,0.8121524688433623,0.0,0.0
2025-12-10,451.45001220703125,63257500,-1.0100780674035192,15.770000457763672,4.164000034332275,98.79000091552734,58.459999084472656,23654.150390625,6886.68017578125,,,,,,,72.39523631231819,449.1460021972656,424.1600006103516,444.14720153808594,0.8121524688433623,0.0,0.0
2025-12-11,446.8900146484375,55979500,2.7008830833098685,15.770000457763672,4.164000034332275,98.3499984741211,57.599998474121094,23593.859375,6901.0,,,,,,,75.38323124329916,447.6180053710938,424.97450103759763,444.14720153808594,0.7198824618708367,0.0,0.0
2025-12-11,446.8900146484375,55979500,2.7008830833098685,14.850000381469727,4.140999794006348,98.3499984741211,57.599998474121094,23593.859375,6901.0,,,,,,,75.38323124329916,447.6180053710938,424.97450103759763,444.14720153808594,0.7198824618708367,0.0,0.0
2025-12-12,458.9599914550781,95656700,3.5624033484225714,14.850000381469727,4.140999794006348,98.4000015258789,57.439998626708984,23195.169921875,6827.41015625,,,,,,,80.93716648805172,448.4100036621094,427.8230010986328,444.14720153808594,1.2488238019980695,0.0,0.0
2025-12-12,458.9599914550781,95656700,3.5624033484225714,15.739999771118164,4.193999767303467,98.4000015258789,57.439998626708984,23195.169921875,6827.41015625,,,,,,,80.93716648805172,448.4100036621094,427.8230010986328,444.14720153808594,1.2488238019980695,0.0,0.0
2025-12-15,475.30999755859375,114542200,3.0653694218629735,15.739999771118164,4.193999767303467,98.1500015258789,56.81999969482422,23057.41015625,6816.509765625,,,,,,,78.9531755922203,455.556005859375,431.3710006713867,444.14720153808594,1.4866109594115242,0.0,0.0
2025-12-15,475.30999755859375,114542200,3.0653694218629735,16.5,4.182000160217285,98.1500015258789,56.81999969482422,23057.41015625,6816.509765625,,,,,,,78.9531755922203,455.556005859375,431.3710006713867,444.14720153808594,1.4866109594115242,0.0,0.0
2025-12-16,489.8800048828125,107608100,-4.617456293730249,16.5,4.182000160217285,98.1500015258789,55.27000045776367,23111.4609375,6800.259765625,,,,,,,81.38021424248657,464.4980041503906,435.41900024414065,444.14720153808594,1.3917438039082295,0.0,0.0
2025-12-16,489.8800048828125,107608100,-4.617456293730249,16.479999542236328,4.14900016784668,98.1500015258789,55.27000045776367,23111.4609375,6800.259765625,,,,,,,81.38021424248657,464.4980041503906,435.41900024414065,444.14720153808594,1.3917438039082295,0.0,0.0
2025-12-17,467.260009765625,106490400,3.4477560704677446,16.479999542236328,4.14900016784668,98.37000274658203,55.939998626708984,22693.3203125,6721.43017578125,,,,,,,65.92296741329648,467.6600036621094,438.71950073242186,444.14720153808594,1.354684750433761,0.0,0.0
2025-12-17,467.260009765625,106490400,3.4477560704677446,17.6200008392334,4.151000022888184,98.37000274658203,55.939998626708984,22693.3203125,6721.43017578125,,,,,,,65.92296741329648,467.6600036621094,438.71950073242186,444.14720153808594,1.354684750433761,0.0,0.0
2025-12-18,483.3699951171875,95168400,-0.448927929345333,17.6200008392334,4.151000022888184,98.43000030517578,56.150001525878906,23006.359375,6774.759765625,,,,,,,68.96476772074053,474.95599975585935,442.6885009765625,444.14720153808594,1.1931093859746174,0.0,0.0
2025-12-18,483.3699951171875,95168400,-0.448927929345333,16.8700008392334,4.116000175476074,98.43000030517578,56.150001525878906,23006.359375,6774.759765625,,,,,,,68.96476772074053,474.95599975585935,442.6885009765625,444.14720153808594,1.1931093859746174,0.0,0.0
2025-12-19,481.20001220703125,103305400,1.564837611861325,16.8700008392334,4.116000175476074,98.5999984741211,56.65999984741211,23307.619140625,6834.5,,,,,,,67.92836685551558,479.40400390625,446.9870010375977,444.14720153808594,1.3034912117677022,0.0,0.0
2025-12-19,481.20001220703125,103305400,1.564837611861325,14.90999984741211,4.151000022888184,98.5999984741211,56.65999984741211,23307.619140625,6834.5,,,,,,,67.92836685551558,479.40400390625,446.9870010375977,444.14720153808594,1.3034912117677022,0.0,0.0
2025-12-22,488.7300109863281,86916100,-0.648622625268469,14.90999984741211,4.151000022888184,98.29000091552734,58.0099983215332,23428.830078125,6878.490234375,,,,,,,69.95907576972262,482.0880065917969,451.8690017700195,444.14720153808594,1.1061457604603362,0.0,0.0
2025-12-22,488.7300109863281,86916100,-0.648622625268469,14.079999923706055,4.169000148773193,98.29000091552734,58.0099983215332,23428.830078125,6878.490234375,,,,,,,69.95907576972262,482.0880065917969,451.8690017700195,444.14720153808594,1.1061457604603362,0.0,0.0
2025-12-23,485.55999755859375,58223600,-0.032952397832164415,14.079999923706055,4.169000148773193,97.94000244140625,58.380001068115234,23561.83984375,6909.7900390625,,,,,,,64.40980096740941,481.2240051269531,455.25800170898435,444.14720153808594,0.7596381778213197,0.0,0.0
2025-12-23,485.55999755859375,58223600,-0.032952397832164415,14.0,4.169000148773193,97.94000244140625,58.380001068115234,23561.83984375,6909.7900390625,,,,,,,64.40980096740941,481.2240051269531,455.25800170898435,444.14720153808594,0.7596381778213197,0.0,0.0
2025-12-24,485.3999938964844,41285400,-2.1034181259704576,14.0,4.169000148773193,97.9800033569336,58.349998474121094,23613.310546875,6932.0498046875,,,,,,,62.14684557246573,484.852001953125,458.55800170898436,444.14720153808594,0.5496293815161769,0.0,0.0
2025-12-24,485.3999938964844,41285400,-2.1034181259704576,13.470000267028809,4.136000156402588,97.9800033569336,58.349998474121094,23613.310546875,6932.0498046875,,,,,,,62.14684557246573,484.852001953125,458.55800170898436,444.14720153808594,0.5496293815161769,0.0,0.0
2025-12-26,475.19000244140625,58780700,-3.2723726747357573,13.470000267028809,4.136000156402588,98.0199966430664,56.7400016784668,23593.099609375,6929.93994140625,,,,,,,57.378847599481595,483.21600341796875,460.9885025024414,444.14720153808594,0.7849895964743463,0.0,0.0
2025-12-26,475.19000244140625,58780700,-3.2723726747357573,13.600000381469727,4.136000156402588,98.0199966430664,56.7400016784668,23593.099609375,6929.93994140625,,,,,,,57.378847599481595,483.21600341796875,460.9885025024414,444.14720153808594,0.7849895964743463,0.0,0.0
2025-12-29,459.6400146484375,66263000,-1.1335005235871831,13.600000381469727,4.136000156402588,98.04000091552734,58.08000183105469,23474.349609375,6905.740234375,,,,,,,57.32438739191874,478.90400390625,462.4620025634766,444.14720153808594,0.8675282991127287,0.0,0.0
2025-12-29,459.6400146484375,66263000,-1.1335005235871831,14.199999809265137,4.116000175476074,98.04000091552734,58.08000183105469,23474.349609375,6905.740234375,,,,,,,57.32438739191874,478.90400390625,462.4620025634766,444.14720153808594,0.8675282991127287,0.0,0.0
2025-12-30,454.42999267578125,59238500,-1.0364613980130777,14.199999809265137,4.116000175476074,98.23999786376953,57.95000076293945,23419.080078125,6896.240234375,,,,,,,53.3904443039539,472.04400024414065,463.67650146484374,444.14720153808594,0.7746621016589291,0.0,0.0
2025-12-30,454.42999267578125,59238500,-1.0364613980130777,14.329999923706055,4.130000114440918,98.23999786376953,57.95000076293945,23419.080078125,6896.240234375,,,,,,,53.3904443039539,472.04400024414065,463.67650146484374,444.14720153808594,0.7746621016589291,0.0,0.0
2025-12-31,449.7200012207031,49078000,-2.590499391813139,14.329999923706055,4.130000114440918,98.27999877929688,57.41999816894531,23241.990234375,6845.5,,,,,,,49.359207532931485,464.8760009765625,464.7005020141602,444.14720153808594,0.6504085727555302,0.0,0.0
2025-12-31,449.7200012207031,49078000,-2.590499391813139,14.949999809265137,4.163000106811523,98.27999877929688,57.41999816894531,23241.990234375,6845.5,,,,,,,49.359207532931485,464.8760009765625,464.7005020141602,444.14720153808594,0.6504085727555302,0.0,0.0
2026-01-02,438.07000732421875,85535400,3.1045280151877908,14.949999809265137,4.163000106811523,98.41999816894531,57.31999969482422,23235.630859375,6858.47021484375,,,,,,,46.89611132733464,455.4100036621094,464.26700286865236,444.14720153808594,1.1350268223225897,0.0,0.0
2026-01-02,438.07000732421875,85535400,3.1045280151877908,14.510000228881836,4.186999797821045,98.41999816894531,57.31999969482422,23235.630859375,6858.47021484375,,,,,,,46.89611132733464,455.4100036621094,464.26700286865236,444.14720153808594,1.1350268223225897,0.0,0.0
2026-01-05,451.6700134277344,67940800,-4.142409594709518,14.510000228881836,4.186999797821045,98.2699966430664,58.31999969482422,23395.8203125,6902.0498046875,,,,,,,47.46188330515541,450.706005859375,464.1240036010742,444.14720153808594,0.9039306283321572,0.0,0.0
2026-01-05,451.6700134277344,67940800,-4.142409594709518,14.899999618530273,4.164999961853027,98.2699966430664,58.31999969482422,23395.8203125,6902.0498046875,,,,,,,47.46188330515541,450.706005859375,464.1240036010742,444.14720153808594,0.9039306283321572,0.0,0.0
2026-01-06,432.9599914550781,89093800,-0.35799792672750463,14.899999618530273,4.164999961853027,98.58000183105469,57.130001068115234,23547.169921875,6944.81982421875,,,,,,,35.49359260486564,445.3700012207031,463.0220031738281,444.14720153808594,1.1601535441804127,0.0,0.0
2026-01-06,432.9599914550781,89093800,-0.35799792672750463,14.75,4.178999900817871,98.58000183105469,57.130001068115234,23547.169921875,6944.81982421875,,,,,,,35.49359260486564,445.3700012207031,463.0220031738281,444.14720153808594,1.1601535441804127,0.0,0.0
2026-01-07,431.4100036621094,59828800,1.0175897854927118,14.75,4.178999900817871,98.68000030517578,55.9900016784668,23584.279296875,6920.93017578125,,,,,,,28.01052678695423,440.76600341796876,462.61350402832034,444.14720153808594,0.7838383261394887,0.0,0.0
2026-01-07,431.4100036621094,59828800,1.0175897854927118,15.380000114440918,4.138000011444092,98.68000030517578,55.9900016784668,23584.279296875,6920.93017578125,,,,,,,28.01052678695423,440.76600341796876,462.61350402832034,444.14720153808594,0.7838383261394887,0.0,0.0
2026-01-08,435.79998779296875,57041100,2.113359850994656,15.380000114440918,4.138000011444092,98.93000030517578,57.7599983215332,23480.01953125,6921.4599609375,,,,,,,36.28834117554421,437.98200073242185,462.145002746582,444.14720153808594,0.749932258915693,0.0,0.0
2026-01-08,435.79998779296875,57041100,2.113359850994656,15.449999809265137,4.183000087738037,98.93000030517578,57.7599983215332,23480.01953125,6921.4599609375,,,,,,,36.28834117554421,437.98200073242185,462.145002746582,444.14720153808594,0.749932258915693,0.0,0.0
2026-01-09,445.010009765625,67331500,0.887616368794375,15.449999809265137,4.183000087738037,99.12999725341797,59.119998931884766,23671.349609375,6966.27978515625,,,,,,,32.211100563083534,439.3700012207031,461.82300262451173,444.14720153808594,0.8828581045368298,0.0,0.0
2026-01-09,445.010009765625,67331500,0.887616368794375,14.489999771118164,4.171000003814697,99.12999725341797,59.119998931884766,23671.349609375,6966.27978515625,,,,,,,32.211100563083534,439.3700012207031,461.82300262451173,444.14720153808594,0.8828581045368298,0.0,0.0
2026-01-12,448.9599914550781,61649600,-0.39201249143443473,14.489999771118164,4.171000003814697,98.86000061035156,59.5,23733.900390625,6977.27001953125,,,,,,,35.291962154863896,438.8279968261719,461.92650146484374,444.14720153808594,0.8053625869746616,0.0,0.0
2026-01-12,448.9599914550781,61649600,-0.39201249143443473,15.119999885559082,4.186999797821045,98.86000061035156,59.5,23733.900390625,6977.27001953125,,,,,,,35.291962154863896,438.8279968261719,461.92650146484374,444.14720153808594,0.8053625869746616,0.0,0.0
2026-01-13,447.20001220703125,53719200,-1.7889087168218576,15.119999885559082,4.186999797821045,99.12999725341797,61.150001525878906,23709.869140625,6963.740234375,,,,,,,30.000961114257677,441.6760009765625,461.33850250244143,444.14720153808594,0.7215279643260087,0.0,0.0
2026-01-13,447.20001220703125,53719200,-1.7889087168218576,15.979999542236328,4.171000003814697,99.12999725341797,61.150001525878906,23709.869140625,6963.740234375,,,,,,,30.000961114257677,441.6760009765625,461.33850250244143,444.14720153808594,0.7215279643260087,0.0,0.0
2026-01-14,439.20001220703125,57259500,-0.14344373071545347,15.979999542236328,4.171000003814697,99.12999725341797,62.02000045776367,23471.75,6926.60009765625,,,,,,,28.667404376265594,443.2340026855469,459.53300323486326,443.8000018310547,0.7998492481931121,0.0,0.0
2026-01-14,439.20001220703125,57259500,-0.14344373071545347,16.75,4.139999866485596,99.12999725341797,62.02000045776367,23471.75,6926.60009765625,,,,,,,28.667404376265594,443.2340026855469,459.53300323486326,443.8000018310547,0.7998492481931121,0.0,0.0
2026-01-15,438.57000732421875,49465800,-0.24397640202233895,16.75,4.139999866485596,99.31999969482422,59.189998626708984,23530.01953125,6944.47021484375,,,,,,,28.54393953418527,443.7880065917969,456.9675033569336,443.2040020751953,0.7202280114879351,0.0,0.0
2026-01-15,438.57000732421875,49465800,-0.24397640202233895,15.84000015258789,4.159999847412109,99.31999969482422,59.189998626708984,23530.01953125,6944.47021484375,,,,,,,28.54393953418527,443.7880065917969,456.9675033569336,443.2040020751953,0.7202280114879351,0.0,0.0
2026-01-16,437.5,60220600,-4.171428571428571,15.84000015258789,4.159999847412109,99.38999938964844,59.439998626708984,23515.390625,6940.009765625,,,,,,,31.153112250005492,442.2860046386719,455.47950286865233,443.0688018798828,0.9073841529694009,0.0,0.0
2026-01-16,437.5,60220600,-4.171428571428571,15.859999656677246,4.230999946594238,99.38999938964844,59.439998626708984,23515.390625,6940.009765625,,,,,,,31.153112250005492,442.2860046386719,455.47950286865233,443.0688018798828,0.9073841529694009,0.0,0.0
2026-01-20,419.25,63187300,2.907573629435012,15.859999656677246,4.230999946594238,98.63999938964844,60.34000015258789,22954.3203125,6796.85986328125,,,,,,,30.33400833178304,436.34400634765626,452.273503112793,442.21240173339845,0.975591341461447,0.0,0.0
2026-01-20,419.25,63187300,2.907573629435012,20.09000015258789,4.295000076293945,98.63999938964844,60.34000015258789,22954.3203125,6796.85986328125,,,,,,,30.33400833178304,436.34400634765626,452.273503112793,442.21240173339845,0.975591341461447,0.0,0.0
2026-01-21,431.44000244140625,68124000,4.1535283721378935,20.09000015258789,4.295000076293945,98.76000213623047,60.619998931884766,23224.8203125,6875.6201171875,,,,,,,39.518558485958344,433.19200439453124,449.7855026245117,441.9230017089844,1.0811765627317371,0.0,0.0
2026-01-21,431.44000244140625,68124000,4.1535283721378935,16.899999618530273,4.252999782562256,98.76000213623047,60.619998931884766,23224.8203125,6875.6201171875,,,,,,,39.518558485958344,433.19200439453124,449.7855026245117,441.9230017089844,1.0811765627317371,0.0,0.0
2026-01-22,449.3599853515625,71546700,-0.06675890216037983,16.899999618530273,4.252999782562256,98.36000061035156,59.36000061035156,23436.01953125,6913.35009765625,,,,,,,49.853509137269775,435.2239990234375,447.81700134277344,442.3198016357422,1.149516959691867,0.0,0.0
2026-01-22,449.3599853515625,71546700,-0.06675890216037983,15.640000343322754,4.249000072479248,98.36000061035156,59.36000061035156,23436.01953125,6913.35009765625,,,,,,,49.853509137269775,435.2239990234375,447.81700134277344,442.3198016357422,1.149516959691867,0.0,0.0
2026-01-23,449.05999755859375,56771400,-3.0864440001147186,15.640000343322754,4.249000072479248,97.5999984741211,61.06999969482422,23501.240234375,6915.60986328125,,,,,,,54.92692251493592,437.3219970703125,445.99200134277345,442.3964013671875,0.9131924748168493,0.0,0.0
2026-01-23,449.05999755859375,56771400,-3.0864440001147186,16.09000015258789,4.238999843597412,97.5999984741211,61.06999969482422,23501.240234375,6915.60986328125,,,,,,,54.92692251493592,437.3219970703125,445.99200134277345,442.3964013671875,0.9131924748168493,0.0,0.0
2026-01-26,435.20001220703125,49397400,-0.9880556502607107,16.09000015258789,4.238999843597412,97.04000091552734,60.630001068115234,23601.359375,6950.22998046875,,,,,,,42.633505253563,436.86199951171875,443.4820022583008,442.30800170898436,0.7894280748024068,0.06896551724137931,30.0
2026-01-26,435.20001220703125,49397400,-0.9880556502607107,16.149999618530273,4.2129998207092285,97.04000091552734,60.630001068115234,23601.359375,6950.22998046875,,,,,,,42.633505253563,436.86199951171875,443.4820022583008,442.30800170898436,0.7894280748024068,0.06896551724137931,30.0
2026-01-27,430.8999938964844,37733100,0.12995998294869082,16.149999618530273,4.2129998207092285,96.22000122070312,62.38999938964844,23817.099609375,6978.60009765625,,,,,,,48.94228858777303,439.19199829101564,441.2675018310547,442.3140014648437,0.6133341677330322,0.06896551724137931,30.0
2026-01-27,430.8999938964844,37733100,0.12995998294869082,16.350000381469727,4.2230000495910645,96.22000122070312,62.38999938964844,23817.099609375,6978.60009765625,,,,,,,48.94228858777303,439.19199829101564,441.2675018310547,442.3140014648437,0.6133341677330322,0.06896551724137931,30.0
2026-01-28,431.4599914550781,54857400,-3.453389466363932,16.350000381469727,4.2230000495910645,96.44999694824219,63.209999084472656,23857.44921875,6978.02978515625,,,,,,,50.025929980820045,439.19599609375,439.8585006713867,442.9034014892578,0.9000246837643914,0.06896551724137931,30.0
2026-01-28,431.4599914550781,54857400,-3.453389466363932,16.350000381469727,4.250999927520752,96.44999694824219,63.209999084472656,23857.44921875,6978.02978515625,,,,,,,50.025929980820045,439.19599609375,439.8585006713867,442.9034014892578,0.9000246837643914,0.06896551724137931,30.0
2026-01-29,416.55999755859375,81686100,3.3248526466028494,16.350000381469727,4.250999927520752,96.27999877929688,65.41999816894531,23685.119140625,6969.009765625,,,,,,,41.00093693850064,432.63599853515626,437.96500091552736,443.14760131835936,1.3159603453171347,0.06896551724137931,30.0
2026-01-29,416.55999755859375,81686100,3.3248526466028494,16.8799991607666,4.2270002365112305,96.27999877929688,65.41999816894531,23685.119140625,6969.009765625,,,,,,,41.00093693850064,432.63599853515626,437.96500091552736,443.14760131835936,1.3159603453171347,0.06896551724137931,30.0
2026-01-30,430.4100036621094,82626100,-1.9980962408733927,16.8799991607666,4.2270002365112305,96.98999786376953,65.20999908447266,23461.8203125,6939.02978515625,,,,,,,43.45525687008354,428.9059997558594,436.99950103759767,443.57740112304685,1.29607982835661,0.06896551724137931,30.0
2026-01-30,430.4100036621094,82626100,-1.9980962408733927,17.440000534057617,4.241000175476074,96.98999786376953,65.20999908447266,23461.8203125,6939.02978515625,,,,,,,43.45525687008354,428.9059997558594,436.99950103759767,443.57740112304685,1.29607982835661,0.06896551724137931,30.0
2026-02-02,421.80999755859375,58739500,0.03555958781265023,17.440000534057617,4.241000175476074,97.61000061035156,62.13999938964844,23592.109375,6976.43994140625,,,,,,,38.3165502809987,426.2279968261719,436.1865005493164,443.98860107421876,0.9411724554579615,0.16551724137931037,30.0
2026-02-02,421.80999755859375,58739500,0.03555958781265023,16.34000015258789,4.275000095367432,97.61000061035156,62.13999938964844,23592.109375,6976.43994140625,,,,,,,38.3165502809987,426.2279968261719,436.1865005493164,443.98860107421876,0.9411724554579615,0.16551724137931037,30.0
2026-02-03,421.9599914550781,56886500,-3.779974882085746,16.34000015258789,4.275000095367432,97.44000244140625,63.209999084472656,23255.189453125,6917.81005859375,,,,,,,38.985851060458,424.43999633789065,434.7009994506836,444.34800109863284,0.9196264299017738,0.16551724137931037,30.0
2026-02-03,421.9599914550781,56886500,-3.779974882085746,18.0,4.27400016784668,97.44000244140625,63.209999084472656,23255.189453125,6917.81005859375,,,,,,,38.985851060458,424.43999633789065,434.7009994506836,444.34800109863284,0.9196264299017738,0.16551724137931037,30.0
2026-02-04,406.010009765625,74606900,-2.167438757390938,18.0,4.27400016784668,97.62000274658203,65.13999938964844,22904.580078125,6882.72021484375,,,,,,,36.456373525489774,419.35,433.35350036621094,444.56360107421875,1.220384590061901,0.16551724137931037,30.0
2026-02-04,406.010009765625,74606900,-2.167438757390938,18.639999389648438,4.275000095367432,97.62000274658203,65.13999938964844,22904.580078125,6882.72021484375,,,,,,,36.456373525489774,419.35,433.35350036621094,444.56360107421875,1.220384590061901,0.16551724137931037,30.0
2026-02-05,397.2099914550781,72819800,3.4994069120882987,18.639999389648438,4.275000095367432,97.81999969482422,63.290000915527344,22540.58984375,6798.39990234375,,,,,,,34.17749745083623,415.47999877929686,431.64349975585935,444.6860009765625,1.1786290751693718,0.16551724137931037,30.0
2026-02-05,397.2099914550781,72819800,3.4994069120882987,21.770000457763672,4.210000038146973,97.81999969482422,63.290000915527344,22540.58984375,6798.39990234375,,,,,,,34.17749745083623,415.47999877929686,431.64349975585935,444.6860009765625,1.1786290751693718,0.16551724137931037,30.0
2026-02-06,411.1099853515625,62559600,3.4994069120882987,21.770000457763672,4.210000038146973,97.62999725341797,63.54999923706055,23031.2109375,6932.2998046875,,,,,,,40.8067928363515,411.6199951171875,430.40899963378905,444.5526007080078,1.0080600199164027,0.16551724137931037,30.0
