Date,Close,Volume,next_day_return,vix,treasury_10y,dxy,oil,nasdaq,sp500,vix_change,treasury_10y_change,dxy_change,oil_change,nasdaq_change,sp500_change,rsi,ma_5,ma_20,ma_50,volume_ratio,sentiment_score,news_count,return_1d,return_5d,return_20d,ma_cross_5_20,ma_cross_20_50,volume_ma_5,volume_ma_20,volume_change,volatility_5d,volatility_20d,return_1d_lag1,return_1d_lag2,vix_lag1
2025-10-31,456.55999755859375,83135800,2.586735066967427,17.440000534057617,4.10099983215332,99.8000030517578,60.97999954223633,23724.9609375,6840.2001953125,,,,,,,33.831584788410055,455.4340026855469,426.1445007324219,444.14720153808594,0.4236215376967886,0.0,0.0,,,,1,0,,,,,,,,
2025-10-31,456.55999755859375,83135800,2.586735066967427,17.440000534057617,4.10099983215332,99.8000030517578,60.97999954223633,23724.9609375,6840.2001953125,0.0,0.0,0.0,0.0,0.0,0.0,33.831584788410055,455.4340026855469,426.1445007324219,444.14720153808594,0.4236215376967886,0.0,0.0,0.0,,,1,0,,,0.0,,,,,17.440000534057617
2025-11-03,468.3699951171875,84595200,-5.147636612701911,17.440000534057617,4.10099983215332,99.87000274658205,61.04999923706055,23834.720703125,6851.97021484375,0.0,0.0,0.07013997262901306,0.11479123540454328,0.46263412578062546,0.17207127269924793,33.831584788410055,455.4340026855469,426.1445007324219,444.14720153808594,0.4236215376967886,0.0,0.0,2.586735066967427,,,1,0,,,1.7554410975777035,,,0.0,,17.440000534057617
2025-11-03,468.3699951171875,84595200,-5.147636612701911,17.170000076293945,4.105999946594238,99.87000274658205,61.04999923706055,23834.720703125,6851.97021484375,-1.548167714997506,0.12192427811665851,0.0,0.0,0.0,0.0,33.831584788410055,455.4340026855469,426.1445007324219,444.14720153808594,0.4236215376967886,0.0,0.0,0.0,,,1,0,,,0.0,,,2.586735066967427,0.0,17.440000534057617
2025-11-04,444.260009765625,87756600,4.008913061517649,17.170000076293945,4.105999946594238,100.22000122070312,60.560001373291016,23348.640625,6771.5498046875,0.0,0.0,0.35045405476676894,-0.8026173135020742,-2.0393781164017133,-1.1736830084583816,33.831584788410055,455.4340026855469,426.1445007324219,444.14720153808594,0.4236215376967886,0.0,0.0,-5.147636612701911,,,1,0,84643720.0,,3.737091466182485,,,0.0,2.586735066967427,17.170000076293945
2025-11-04,444.260009765625,87756600,4.008913061517649,19.0,4.089000225067139,100.22000122070312,60.560001373291016,23348.640625,6771.5498046875,10.658124144289749,-0.41402147462764605,0.0,0.0,0.0,0.0,33.831584788410055,455.4340026855469,426.1445007324219,444.14720153808594,0.4236215376967886,0.0,0.0,0.0,-2.694057267115302,,1,0,85567880.0,,0.0,2.8230177850006157,,-5.147636612701911,0.0,17.170000076293945
2025-11-05,462.0700073242188,85573000,-3.4973063401560367,19.0,4.089000225067139,100.1999969482422,59.59999847412109,23499.80078125,6796.2900390625,0.0,0.0,-0.019960359426529628,-1.585209506935914,0.6474045263609396,0.36535556982648654,33.831584788410055,455.4340026855469,426.1445007324219,444.14720153808594,0.4236215376967886,0.0,0.0,4.008913061517672,1.2068533807362058,,1,0,86055320.0,,-2.488245898314201,3.494331032828281,,0.0,-5.147636612701911,19.0
2025-11-05,462.0700073242188,85573000,-3.4973063401560367,18.010000228881836,4.1570000648498535,100.1999969482422,59.59999847412109,23499.80078125,6796.2900390625,-5.210525111148234,1.6629942783042528,0.0,0.0,0.0,0.0,33.831584788410055,455.4340026855469,426.1445007324219,444.14720153808594,0.4236215376967886,0.0,0.0,0.0,-1.3450878277103118,,1,0,86250880.0,,0.0,3.2523148819737564,,4.008913061517672,0.0,19.0
2025-11-06,445.9100036621094,109622900,-3.675632866235745,18.010000228881836,4.1570000648498535,99.7300033569336,59.43000030517578,23053.990234375,6720.31982421875,0.0,0.0,-0.4690554946337744,-0.28523183439194133,-1.8970822392277542,-1.1178189042419073,33.831584788410055,455.4340026855469,426.1445007324219,444.14720153808594,0.4236215376967886,0.0,0.0,-3.497306340156048,-4.79535232598719,,1,0,91256420.0,,28.104542320591786,3.5532430129900967,,0.0,4.008913061517672,18.010000228881836
2025-11-06,445.9100036621094,109622900,-3.675632866235745,19.5,4.0929999351501465,99.7300033569336,59.43000030517578,23053.990234375,6720.31982421875,8.273180189796548,-1.539574902605123,0.0,0.0,0.0,0.0,33.831584788410055,455.4340026855469,426.1445007324219,444.14720153808594,0.4236215376967886,0.0,0.0,0.0,0.37140275068980877,,1,0,95629680.0,,0.0,2.657545262278434,,-3.497306340156048,0.0,18.010000228881836
2025-11-07,429.5199890136719,103471500,3.657576451501576,19.5,4.0929999351501465,99.5999984741211,59.75,23004.5390625,6728.7998046875,0.0,0.0,-0.13035684190966235,0.5384480787161472,-0.21450157379379053,0.12618418007710464,33.831584788410055,450.0260009765625,426.1445007324219,444.14720153808594,0.4236215376967886,0.0,0.0,-3.675632866235745,-3.3178815171163833,,1,0,98772660.0,,-5.611418782024558,3.154782094296121,,0.0,-3.497306340156048,19.5
2025-11-07,429.5199890136719,103471500,3.657576451501576,19.07999992370605,4.0929999351501465,99.5999984741211,59.75,23004.5390625,6728.7998046875,-2.153846545097171,0.0,0.0,0.0,0.0,0.0,33.831584788410055,450.0260009765625,426.1445007324219,444.14720153808594,0.4236215376967886,0.0,0.0,0.0,-7.04439106512007,,1,0,102352360.0,,0.0,1.965401818492187,,-3.675632866235745,0.0,19.5
2025-11-10,445.2300109863281,76515900,-1.260026442672324,19.07999992370605,4.0929999351501465,99.62000274658205,60.130001068115234,23527.169921875,6832.43017578125,0.0,0.0,0.020084611212256576,0.6359850512388965,2.2718597314864253,1.540101862170995,33.831584788410055,445.39800415039065,426.1445007324219,444.14720153808594,0.4236215376967886,0.0,0.0,3.6575764515015763,-3.6444686023680006,,1,0,100540940.0,,-26.051231498528583,3.026868804686333,,0.0,-3.675632866235745,19.07999992370605
2025-11-10,445.2300109863281,76515900,-1.260026442672324,17.600000381469727,4.110000133514404,99.62000274658205,60.130001068115234,23527.169921875,6832.43017578125,-7.7568110490267355,0.4153481220036781,0.0,0.0,0.0,0.0,33.831584788410055,445.39800415039065,426.1445007324219,444.14720153808594,0.4236215376967886,0.0,0.0,0.0,-0.1524954968932568,,1,0,93919540.0,,0.0,2.592685733901655,,3.6575764515015763,0.0,19.07999992370605
2025-11-11,439.6199951171875,60533200,-2.051769508633805,17.600000381469727,4.110000133514404,99.45999908447266,61.040000915527344,23468.30078125,6846.60986328125,0.0,0.0,-0.16061399086327866,1.5133873794235697,-0.2502176879772722,0.2075350517340535,33.831584788410055,444.4700012207031,426.1445007324219,444.14720153808594,0.4236215376967886,0.0,0.0,-1.260026442672324,-1.4106004559808372,,1,0,84101600.0,,-20.888076857228366,2.652786739642176,,0.0,3.6575764515015763,17.600000381469727
2025-11-11,439.6199951171875,60533200,-2.051769508633805,17.280000686645508,4.119999885559082,99.45999908447266,61.040000915527344,23468.30078125,6846.60986328125,-1.8181800448205276,0.2433029615531268,0.0,0.0,0.0,0.0,33.831584788410055,444.4700012207031,426.1445007324219,444.14720153808594,0.4236215376967886,0.0,0.0,0.0,2.351463578379387,,1,0,75513940.0,,0.0,1.8584861397011345,,-1.260026442672324,0.0,17.600000381469727
2025-11-12,430.6000061035156,58513500,-6.644220962287406,17.280000686645508,4.119999885559082,99.4800033569336,58.4900016784668,23406.4609375,6850.919921875,0.0,0.0,0.020112882209000205,-4.177587154019646,-0.2635037122048822,0.06295171887717999,33.831584788410055,438.1760009765625,426.1445007324219,444.14720153808594,0.4236215376967886,0.0,0.0,-2.051769508633805,0.2514474570377567,,1,0,66522340.0,,-3.336516159727221,2.18811433776372,,0.0,-1.260026442672324,17.280000686645508
2025-11-12,430.6000061035156,58513500,-6.644220962287406,17.510000228881836,4.065000057220459,99.4800033569336,58.4900016784668,23406.4609375,6850.919921875,1.3310158165333874,-1.3349473268531309,0.0,0.0,0.0,0.0,33.831584788410055,438.1760009765625,426.1445007324219,444.14720153808594,0.4236215376967886,0.0,0.0,0.0,-3.285943112954659,,1,0,62921860.0,,0.0,0.9491873192599217,,-2.051769508633805,0.0,17.280000686645508
2025-11-13,401.989990234375,118948000,0.5870832424868633,17.510000228881836,4.065000057220459,99.18000030517578,58.68999862670898,22870.359375,6737.490234375,0.0,0.0,-0.3015712119363356,0.3419335655717948,-2.2903999196268954,-1.6556854961596978,33.831584788410055,429.3919982910156,426.1445007324219,444.14720153808594,0.4236215376967886,0.0,0.0,-6.644220962287406,-9.711838754122281,,1,0,71408280.0,,103.28300306766813,2.744022703611441,,0.0,-2.051769508633805,17.510000228881836
2025-11-13,401.989990234375,118948000,0.5870832424868633,20.0,4.111999988555908,99.18000030517578,58.68999862670898,22870.359375,6737.490234375,14.22044396670561,1.1562098566755274,0.0,0.0,0.0,0.0,33.831584788410055,429.3919982910156,426.1445007324219,444.14720153808594,0.4236215376967886,0.0,0.0,0.0,-8.559666371130737,,1,0,83091240.0,86866560.0,0.0,2.88233326743232,,-6.644220962287406,0.0,17.510000228881836
2025-11-14,404.3500061035156,105506700,1.1302107716671506,20.0,4.111999988555908,99.2699966430664,60.09000015258789,22900.58984375,6734.10986328125,0.0,0.0,0.09074040896723812,2.3854175475168438,0.13218187022914218,-0.05017255648851471,33.831584788410055,424.3580017089844,426.1445007324219,444.14720153808594,0.4236215376967886,0.0,0.0,0.5870832424868633,-8.022835495521562,-11.435515974738376,0,0,92085940.0,87985105.0,-11.300147963816121,2.981158405636839,2.6370674710992312,0.0,-6.644220962287406,20.0
2025-11-14,404.3500061035156,105506700,1.1302107716671506,19.82999992370605,4.1479997634887695,99.2699966430664,60.09000015258789,22900.58984375,6734.10986328125,-0.8500003814697399,0.8754809103368677,0.0,0.0,0.0,0.0,33.831584788410055,424.3580017089844,426.1445007324219,444.14720153808594,0.4236215376967886,0.0,0.0,0.0,-6.0961448276639185,-11.435515974738376,0,0,101484580.0,89103650.0,0.0,3.047644806156968,2.6370674710992312,0.5870832424868633,0.0,20.0
2025-11-17,408.9200134277344,102214300,-1.8756757252943457,19.82999992370605,4.1479997634887695,99.58999633789062,59.90999984741211,22708.0703125,6672.41015625,0.0,0.0,0.32235288168167564,-0.29955118109286083,-0.8406749894371957,-0.9162266176807821,33.831584788410055,417.0960021972657,426.1445007324219,444.14720153808594,0.4236215376967886,0.0,0.0,1.1302107716671506,-5.034833341495448,-12.692952646246813,0,0,110224740.0,89984605.0,-3.120560116087412,3.1981554639843623,2.564358484916149,0.0,0.5870832424868633,19.82999992370605
2025-11-17,408.9200134277344,102214300,-1.8756757252943457,22.3799991607666,4.132999897003174,99.58999633789062,59.90999984741211,22708.0703125,6672.41015625,12.85930028679485,-0.36161685971215496,0.0,0.0,0.0,0.0,33.831584788410055,417.0960021972657,426.1445007324219,444.14720153808594,0.4236215376967886,0.0,0.0,0.0,1.7239292921992666,-12.692952646246813,0,0,106878000.0,90865560.0,0.0,0.5079919723262132,2.564358484916149,1.1302107716671506,0.0,19.82999992370605
2025-11-18,401.25,80688600,0.6828636098130891,22.3799991607666,4.132999897003174,99.5500030517578,60.7400016784668,22432.849609375,6617.31982421875,0.0,0.0,-0.040157935137519196,1.385414510380012,-1.2119951159984765,-0.8256436690967983,33.831584788410055,409.4220031738281,426.1445007324219,444.14720153808594,0.4236215376967886,0.0,0.0,-1.8756757252943457,-0.18408175635009627,-9.681269711472673,0,0,99226120.0,90512160.0,-21.059382102112913,1.1330473947694188,2.3580315320487295,0.0,1.1302107716671506,22.3799991607666
2025-11-18,401.25,80688600,0.6828636098130891,24.690000534057617,4.123000144958496,99.5500030517578,60.7400016784668,22432.849609375,6617.31982421875,10.321722340993556,-0.24194900299727706,0.0,0.0,0.0,0.0,33.831584788410055,409.4220031738281,426.1445007324219,444.14720153808594,0.4236215376967886,0.0,0.0,0.0,-0.7666640427160032,-9.681269711472673,0,0,94262500.0,90158760.0,0.0,1.0821728391797738,2.3580315320487295,-1.8756757252943457,0.0,22.3799991607666
2025-11-19,403.989990234375,72047700,-2.168365419886953,24.690000534057617,4.123000144958496,100.2300033569336,59.43999862670898,22564.23046875,6642.16015625,0.0,0.0,0.6830741178603938,-2.1402749684458544,0.5856628188694035,0.37538357962292324,33.831584788410055,404.1,426.1445007324219,444.14720153808594,0.4236215376967886,0.0,0.0,0.6828636098130891,-0.08903570266014516,-12.569527597382235,0,0,87570700.0,89482495.0,-10.708947732393426,1.1468494603487007,2.13107074910699,0.0,-1.8756757252943457,24.690000534057617
2025-11-19,403.989990234375,72047700,-2.168365419886953,23.65999984741211,4.132999897003174,100.2300033569336,59.43999862670898,22564.23046875,6642.16015625,-4.171732135950002,0.24253581598596696,0.0,0.0,0.0,0.0,33.831584788410055,404.1,426.1445007324219,444.14720153808594,0.4236215376967886,0.0,0.0,0.0,-1.2056204224473954,-12.569527597382235,0,0,81537380.0,88806230.0,0.0,0.9617564644307911,2.13107074910699,0.6828636098130891,0.0,24.690000534057617
2025-11-20,395.2300109863281,113548800,-1.0474950113494086,23.65999984741211,4.132999897003174,100.16000366210938,59.13999938964844,22078.05078125,6538.759765625,0.0,0.0,-0.0698390626357015,-0.504709360685851,-2.154647765069262,-1.5567283563270418,32.101800755698605,402.7480041503906,426.1445007324219,444.14720153808594,0.4236215376967886,0.0,0.0,-2.168365419886953,-3.3478435859988998,-11.365520454702393,0,0,83804280.0,89002525.0,57.60225517261481,1.2675535339162385,2.0569613152819293,0.0,0.6828636098130891,23.65999984741211
2025-11-20,395.2300109863281,113548800,-1.0474950113494086,26.420000076293945,4.105999946594238,100.16000366210938,59.13999938964844,22078.05078125,6538.759765625,11.665258861714323,-0.6532773066002973,0.0,0.0,0.0,0.0,32.101800755698605,402.7480041503906,426.1445007324219,444.14720153808594,0.4236215376967886,0.0,0.0,0.0,-1.5003087884540522,-11.365520454702393,0,0,90376320.0,89198820.0,0.0,1.0870565967581844,2.0569613152819293,-2.168365419886953,0.0,23.65999984741211
2025-11-21,391.0899963378906,100460600,6.82451678419993,26.420000076293945,4.105999946594238,100.18000030517578,58.060001373291016,22273.080078125,6602.990234375,0.0,0.0,0.01996469881717644,-1.8261718422446616,0.8833628421609951,0.9823035415319481,26.39008669517285,400.0960021972657,426.1445007324219,444.14720153808594,0.4236215376967886,0.0,0.0,-1.0474950113494086,-2.532088140089561,-8.947195394568242,0,0,94330720.0,89048275.0,-11.526497858189611,1.1160356763005281,1.92880764668456,0.0,-2.168365419886953,26.420000076293945
2025-11-21,391.0899963378906,100460600,6.82451678419993,23.43000030517578,4.063000202178955,100.18000030517578,58.060001373291016,22273.080078125,6602.990234375,-11.317183052550483,-1.0472417188156502,0.0,0.0,0.0,0.0,26.39008669517285,400.0960021972657,426.1445007324219,444.14720153808594,0.4236215376967886,0.0,0.0,0.0,-3.193146911635225,-8.947195394568242,0,0,100013300.0,88897730.0,0.0,0.9657513564998346,1.92880764668456,-1.0474950113494086,0.0,26.420000076293945
2025-11-24,417.7799987792969,96806400,0.3877627272538042,23.43000030517578,4.063000202178955,100.13999938964844,58.84000015258789,22872.009765625,6705.1201171875,0.0,0.0,-0.03992904312786205,1.3434356886799836,2.6890294714480234,1.5467217001293498,42.03561177856042,401.8679992675781,426.1445007324219,444.14720153808594,0.4236215376967886,0.0,0.0,6.82451678419993,3.413453025636004,-6.16535532863578,0,0,104965040.0,89912255.0,-3.6374459240737123,3.5273433202636055,2.364511634697257,0.0,-1.0474950113494086,23.43000030517578
2025-11-24,417.7799987792969,96806400,0.3877627272538042,20.520000457763672,4.038000106811523,100.13999938964844,58.84000015258789,22872.009765625,6705.1201171875,-12.419973578785138,-0.6153112016589191,0.0,0.0,0.0,0.0,42.03561177856042,401.8679992675781,426.1445007324219,444.14720153808594,0.4236215376967886,0.0,0.0,0.0,5.705535299987319,-6.16535532863578,0,0,101616560.0,90926780.0,0.0,3.2014246447414103,2.364511634697257,6.82451678419993,0.0,23.43000030517578
2025-11-25,419.3999938964844,71915600,1.7119677587676296,20.520000457763672,4.038000106811523,99.66000366210938,57.95000076293945,23025.58984375,6765.8798828125,0.0,0.0,-0.4793246759183467,-1.5125754373562672,0.671476095449286,0.9061696817220577,35.781409242235,405.497998046875,426.1445007324219,444.14720153808594,0.4236215376967886,0.0,0.0,0.38776272725380423,6.115421966524792,-4.59942710642931,0,0,93289920.0,91495900.0,-25.711936400899116,3.170990440017537,2.3576729229479803,0.0,6.82451678419993,20.520000457763672
2025-11-25,419.3999938964844,71915600,1.7119677587676296,18.559999465942383,4.001999855041504,99.66000366210938,57.95000076293945,23025.58984375,6765.8798828125,-9.551661540434953,-0.8915366720593232,0.0,0.0,0.0,0.0,35.781409242235,405.497998046875,426.1445007324219,444.14720153808594,0.4236215376967886,0.0,0.0,0.0,7.238742443858048,-4.59942710642931,0,0,87580920.0,92065020.0,0.0,3.013345073178925,2.3576729229479803,0.38776272725380423,0.0,20.520000457763672
2025-11-26,426.5799865722656,63463000,0.8415835173881447,18.559999465942383,4.001999855041504,99.5999984741211,58.650001525878906,23214.689453125,6812.60986328125,0.0,0.0,-0.0602098994414324,1.2079391781252946,0.8212584809258683,0.6906711511012631,43.14878864288891,410.0159973144531,426.1445007324219,444.14720153808594,0.4236215376967886,0.0,0.0,1.7119677587676296,9.074635139404762,-0.9335855722871433,0,0,80181400.0,92312495.0,-11.753499936036127,2.90373832367532,2.353027100651726,0.0,0.38776272725380423,18.559999465942383
2025-11-26,426.5799865722656,63463000,0.8415835173881447,17.190000534057617,3.997999906539917,99.5999984741211,58.650001525878906,23214.689453125,6812.60986328125,-7.381459974709137,-0.09994874179087843,0.0,0.0,0.0,0.0,43.14878864288891,410.0159973144531,426.1445007324219,444.14720153808594,0.4236215376967886,0.0,0.0,0.0,2.106368858892549,-0.9335855722871433,0,0,73512720.0,92559970.0,0.0,0.7415220692807483,2.353027100651726,1.7119677587676296,0.0,18.559999465942383
2025-11-28,430.1700134277344,36252900,-0.0069737030384375,17.190000534057617,3.997999906539917,99.45999908447266,58.54999923706055,23365.689453125,6849.08984375,0.0,0.0,-0.14056163834662572,-0.1705068818697919,0.6504502259437883,0.5354773163420257,50.2533811513925,417.0039978027344,426.1445007324219,444.14720153808594,0.4236215376967886,0.0,0.0,0.8415835173881447,2.9656792294125323,7.0101305699003635,0,0,61402020.0,88425215.0,-42.87553377558577,0.7174940318769064,1.7661532926533794,0.0,1.7119677587676296,17.190000534057617
2025-11-28,430.1700134277344,36252900,-0.0069737030384375,16.350000381469727,4.017000198364258,99.45999908447266,58.54999923706055,23365.689453125,6849.08984375,-4.886562690464402,0.47524492917720984,0.0,0.0,0.0,0.0,50.2533811513925,417.0039978027344,426.1445007324219,444.14720153808594,0.4236215376967886,0.0,0.0,0.0,2.56795891463657,7.0101305699003635,0,0,54269480.0,84290460.0,0.0,0.7640306930693145,1.7661532926533794,0.8415835173881447,0.0,17.190000534057617
2025-12-01,430.1400146484375,57463600,-0.2092398715330179,16.350000381469727,4.017000198364258,99.41000366210938,59.31999969482422,23275.919921875,6812.6298828125,0.0,0.0,-0.05026686388848178,1.3151160850507493,-0.38419380446740314,-0.5323329342915684,43.29869941894929,424.8140014648437,424.82350158691406,444.14720153808594,0.6816972319796334,0.0,0.0,-0.006973703038437584,2.5608061297692775,6.378139768920765,0,0,51379080.0,81888305.0,58.50759525444862,0.765201540306947,1.7670172768321921,0.0,0.8415835173881447,16.350000381469727
2025-12-01,430.1400146484375,57463600,-0.2092398715330179,17.239999771118164,4.0960001945495605,99.41000366210938,59.31999969482422,23275.919921875,6812.6298828125,5.443421216412436,1.9666415803880621,0.0,0.0,0.0,0.0,43.29869941894929,424.8140014648437,424.82350158691406,444.14720153808594,0.6816972319796334,0.0,0.0,0.0,0.8345511248143866,6.378139768920765,0,0,50179200.0,79486150.0,0.0,0.37715936314497867,1.7670172768321921,-0.006973703038437584,0.0,16.350000381469727
2025-12-02,429.239990234375,69336600,4.076973347810542,17.239999771118164,4.0960001945495605,99.36000061035156,58.63999938964844,23413.669921875,6829.3701171875,0.0,0.0,-0.05029981884697721,-1.1463255372118786,0.5918133438435724,0.24572352619998128,45.18909967541854,427.1059997558594,422.8670013427735,444.14720153808594,0.8300606342697293,0.0,0.0,-0.20923987153301793,0.6235650395799208,4.9691812920356515,1,0,51353920.0,77842265.0,20.6617754543746,0.41044952796809203,1.7602237683192856,0.0,-0.006973703038437584,17.239999771118164
2025-12-02,429.239990234375,69336600,4.076973347810542,16.59000015258789,4.085999965667725,99.36000061035156,58.63999938964844,23413.669921875,6829.3701171875,-3.7702994614837837,-0.2441462013391238,0.0,0.0,0.0,0.0,45.18909967541854,427.1059997558594,422.8670013427735,444.14720153808594,0.8300606342697293,0.0,0.0,0.0,-0.21619898280418326,4.9691812920356515,1,0,57970660.0,76198380.0,0.0,0.09284435148062851,1.7602237683192856,-0.20923987153301793,0.0,17.239999771118164
2025-12-03,446.739990234375,87483000,1.7437455153354264,16.59000015258789,4.085999965667725,98.8499984741211,58.95000076293945,23454.08984375,6849.72021484375,0.0,0.0,-0.5132871709919606,0.5286517334884833,0.17263385880927906,0.29797912994984355,56.93536157772313,432.5739990234375,422.9910003662109,444.14720153808594,1.0474711587126604,0.0,0.0,4.076973347810542,3.8519599900991963,11.33706921728972,1,0,68216680.0,76538100.0,26.17145922932478,1.8496248558693258,1.879823526560593,0.0,-0.20923987153301793,16.59000015258789
2025-12-03,446.739990234375,87483000,1.7437455153354264,16.079999923706055,4.057000160217285,98.8499984741211,58.95000076293945,23454.08984375,6849.72021484375,-3.074142400187263,-0.7097358221759165,0.0,0.0,0.0,0.0,56.93536157772313,432.5739990234375,422.9910003662109,444.14720153808594,1.0474711587126604,0.0,0.0,0.0,3.8592028224821107,11.33706921728972,1,0,74220560.0,76877820.0,0.0,1.8488929494357622,1.879823526560593,4.076973347810542,0.0,16.59000015258789
2025-12-04,454.5299987792969,71906500,0.1034037845610624,16.079999923706055,4.057000160217285,98.98999786376952,59.66999816894531,23505.140625,6857.1201171875,0.0,0.0,0.1416281151335408,1.221369629665059,0.21766259782449726,0.10803218396737702,77.49632105976477,438.16400146484375,422.61399993896487,444.14720153808594,0.8680694197190764,0.0,0.0,1.7437455153354264,5.670243013962284,12.510213066319054,1,0,77109140.0,76870760.0,-17.80517357658059,1.8308742536139917,1.8985058700606252,0.0,4.076973347810542,16.079999923706055
2025-12-04,454.5299987792969,71906500,0.1034037845610624,15.779999732971191,4.107999801635742,98.98999786376952,59.66999816894531,23505.140625,6857.1201171875,-1.8656728368050879,1.25707762889824,0.0,0.0,0.0,0.0,77.49632105976477,438.16400146484375,422.61399993896487,444.14720153808594,0.8680694197190764,0.0,0.0,0.0,5.891810903059835,12.510213066319054,1,0,77623120.0,76863700.0,0.0,1.7948681347283741,1.8985058700606252,1.7437455153354264,0.0,16.079999923706055
2025-12-05,455.0,56427500,-3.389013940161401,15.779999732971191,4.107999801635742,98.98999786376952,60.08000183105469,23578.130859375,6870.39990234375,0.0,0.0,0.0,0.68711861017412,0.31052881384325826,0.1936641757662061,77.0421592029263,443.1299987792969,423.06849975585936,444.14720153808594,0.7038024665858312,0.0,0.0,0.10340378456106247,6.001307043073845,15.12283666529044,1,0,75041300.0,74007635.0,-21.526565748576274,1.778623527805729,1.7884392912372675,0.0,1.7437455153354264,15.779999732971191
2025-12-05,455.0,56427500,-3.389013940161401,15.40999984741211,4.138999938964844,98.98999786376952,60.08000183105469,23578.130859375,6870.39990234375,-2.3447394918898135,0.7546285011201359,0.0,0.0,0.0,0.0,77.0421592029263,443.1299987792969,423.06849975585936,444.14720153808594,0.7038024665858312,0.0,0.0,0.0,1.848952398752468,15.12283666529044,1,0,68830200.0,71151570.0,0.0,0.7695694669249082,1.7884392912372675,0.10340378456106247,0.0,15.779999732971191
2025-12-08,439.5799865722656,69165800,1.271674558948499,15.40999984741211,4.138999938964844,99.08999633789062,58.880001068115234,23545.900390625,6846.509765625,0.0,0.0,0.10101876581383173,-1.9973380931542994,-0.13669645376993556,-0.3477255626794018,64.6698350416353,445.0179931640625,423.5714996337891,444.14720153808594,0.8815431983034393,0.0,0.0,-3.3890139401614006,-1.602722795949607,12.398678229673,1,0,65166760.0,69586830.0,22.574631163882852,1.8749191274387293,1.9770226624921676,0.0,0.10340378456106247,15.40999984741211
2025-12-08,439.5799865722656,69165800,1.271674558948499,16.65999984741211,4.171999931335449,99.08999633789062,58.880001068115234,23545.900390625,6846.509765625,8.111615914194314,0.797293859802739,0.0,0.0,0.0,0.0,64.6698350416353,445.0179931640625,423.5714996337891,444.14720153808594,0.8815431983034393,0.0,0.0,0.0,-3.289114524273773,12.398678229673,1,0,64618620.0,68022090.0,0.0,1.5278302433805468,1.9770226624921676,-3.3890139401614006,0.0,15.40999984741211
2025-12-09,445.1700134277344,62367400,1.4106967203253218,16.65999984741211,4.171999931335449,99.22000122070312,58.25,23576.490234375,6840.509765625,0.0,0.0,0.13119879666680934,-1.0699746207314398,0.1299157952871388,-0.08763589340257116,71.44111574711249,448.2039978027344,423.56849975585936,444.14720153808594,0.8021274175352724,0.0,0.0,1.271674558948499,-2.0592667979451362,6.556085673911594,1,0,62710800.0,66300140.0,-9.829135208441164,1.7537158190293005,1.3470364195543265,0.0,-3.3890139401614006,16.65999984741211
2025-12-09,445.1700134277344,62367400,1.4106967203253218,16.93000030517578,4.185999870300293,99.22000122070312,58.25,23576.490234375,6840.509765625,1.6206510218282677,0.3355690123504562,0.0,0.0,0.0,0.0,71.44111574711249,448.2039978027344,423.56849975585936,444.14720153808594,0.8021274175352724,0.0,0.0,0.0,-2.1604366092891514,6.556085673911594,1,0,63898780.0,64578190.0,0.0,1.7468504844031558,1.3470364195543265,1.271674558948499,0.0,16.65999984741211
2025-12-10,451.4500122070313,63257500,-1.0100780674035192,16.93000030517578,4.185999870300293,98.79000091552734,58.459999084472656,23654.150390625,6886.68017578125,0.0,0.0,-0.43338066910451056,0.36051344973846433,0.3293965958375278,0.674955693920154,72.39523631231819,449.1460021972656,424.1600006103516,444.14720153808594,0.8121524688433623,0.0,0.0,1.410696720325344,-0.7802170973557621,7.6418738142512765,1,0,65264780.0,64145285.0,1.42718792189509,1.9360248020870368,1.3687268809066953,0.0,1.271674558948499,16.93000030517578
2025-12-10,451.4500122070313,63257500,-1.0100780674035192,15.770000457763672,4.164000034332275,98.79000091552734,58.459999084472656,23654.150390625,6886.68017578125,-6.851741444195236,-0.5255574928252349,0.0,0.0,0.0,0.0,72.39523631231819,449.1460021972656,424.1600006103516,444.14720153808594,0.8121524688433623,0.0,0.0,0.0,2.700310750570134,7.6418738142512765,1,0,64083120.0,63712380.0,0.0,0.7362401586165526,1.3687268809066953,1.410696720325344,0.0,16.93000030517578
2025-12-11,446.8900146484375,55979500,2.7008830833098685,15.770000457763672,4.164000034332275,98.3499984741211,57.59999847412109,23593.859375,6901.0,0.0,0.0,-0.4453916766156141,-1.4710924115973745,-0.2548855681956619,0.2079350841514227,75.38323124329916,447.6180053710938,424.9745010375976,444.14720153808594,0.7198824618708367,0.0,0.0,-1.0100780674035303,1.6629574365233601,4.761130084739973,1,0,61445860.0,63338205.0,-11.50535509623365,1.0084847799508045,1.3644018475939172,0.0,1.410696720325344,15.770000457763672
2025-12-11,446.8900146484375,55979500,2.7008830833098685,14.850000381469728,4.140999794006348,98.3499984741211,57.59999847412109,23593.859375,6901.0,-5.833862077290064,-0.5523592732058158,0.0,0.0,0.0,0.0,75.38323124329916,447.6180053710938,424.9745010375976,444.14720153808594,0.7198824618708367,0.0,0.0,0.0,0.38636951475221615,4.761130084739973,1,0,60168280.0,62964030.0,0.0,0.8628765667771608,1.3644018475939172,-1.0100780674035303,0.0,15.770000457763672
2025-12-12,458.9599914550781,95656700,3.5624033484225714,14.850000381469728,4.140999794006348,98.4000015258789,57.43999862670898,23195.169921875,6827.41015625,0.0,0.0,0.05084194461981717,-0.27777752022684066,-1.689801769130872,-1.0663649289958,80.93716648805172,448.4100036621094,427.8230010986328,444.14720153808594,1.2488238019980695,0.0,0.0,2.7008830833098685,3.0976879869250906,6.692697568093098,1,0,66826140.0,65934220.0,70.87808930054753,1.447517682510833,1.4669222244523,0.0,-1.0100780674035303,14.850000381469728
2025-12-12,458.9599914550781,95656700,3.5624033484225714,15.739999771118164,4.193999767303467,98.4000015258789,57.43999862670898,23195.169921875,6827.41015625,5.9932617291983625,1.2798835047958868,0.0,0.0,0.0,0.0,80.93716648805172,448.4100036621094,427.8230010986328,444.14720153808594,1.2488238019980695,0.0,0.0,0.0,1.6635239882555997,6.692697568093098,1,0,73305980.0,68904410.0,0.0,1.3913359417836757,1.4669222244523,2.7008830833098685,0.0,14.850000381469728
2025-12-15,475.30999755859375,114542200,3.065369421862973,15.739999771118164,4.193999767303467,98.1500015258789,56.81999969482422,23057.41015625,6816.509765625,0.0,0.0,-0.25406503671064895,-1.0793853529036612,-0.5939157423247909,-0.15965630269072495,78.9531755922203,455.556005859375,431.3710006713867,444.14720153808594,1.4866109594115242,0.0,0.0,3.5624033484225714,5.285188770937599,10.501227826263637,1,0,83562920.0,71758340.0,19.742997615431012,1.9676448564845472,1.6311176210218863,0.0,2.7008830833098685,15.739999771118164
2025-12-15,475.30999755859375,114542200,3.065369421862973,16.5,4.182000160217285,98.1500015258789,56.81999969482422,23057.41015625,6816.509765625,4.828464040237068,-0.2861136803042008,0.0,0.0,0.0,0.0,78.9531755922203,455.556005859375,431.3710006713867,444.14720153808594,1.4866109594115242,0.0,0.0,0.0,6.359502781129245,10.501227826263637,1,0,95275460.0,74612270.0,0.0,1.7421061722364277,1.6311176210218863,3.5624033484225714,0.0,15.739999771118164
2025-12-16,489.8800048828125,107608100,-4.617456293730249,16.5,4.182000160217285,98.1500015258789,55.27000045776367,23111.4609375,6800.259765625,0.0,0.0,0.0,-2.7279113787143094,0.2344182667685546,-0.23839179519623555,81.38021424248657,464.4980041503906,435.4190002441407,444.14720153808594,1.3917438039082295,0.0,0.0,3.0653694218629735,9.619814456627473,14.12729848757257,1,0,105601180.0,76525845.0,-6.053751368491267,1.7304054967037579,1.7168925538904078,0.0,3.5624033484225714,16.5
2025-12-16,489.8800048828125,107608100,-4.617456293730249,16.479999542236328,4.14900016784668,98.1500015258789,55.27000045776367,23111.4609375,6800.259765625,-0.12121489553740261,-0.7890959135900877,0.0,0.0,0.0,0.0,81.38021424248657,464.4980041503906,435.4190002441407,444.14720153808594,1.3917438039082295,0.0,0.0,0.0,6.736973593211504,14.12729848757257,1,0,107991460.0,78439420.0,0.0,1.823577043233791,1.7168925538904078,3.0653694218629735,0.0,16.5
2025-12-17,467.260009765625,106490400,3.447756070467745,16.479999542236328,4.14900016784668,98.37000274658205,55.93999862670898,22693.3203125,6721.43017578125,0.0,0.0,0.22414795444005708,1.2122275436876606,-1.8092349338311942,-1.1592143912241393,65.92296741329648,467.6600036621094,438.71950073242186,444.14720153808594,1.354684750433761,0.0,0.0,-4.617456293730249,1.8084404882945604,4.593280203208239,1,0,110158200.0,79389790.0,-1.0386764565120998,3.2634274722549006,1.9014543822776748,0.0,3.0653694218629735,16.479999542236328
2025-12-17,467.260009765625,106490400,3.447756070467745,17.6200008392334,4.151000022888184,98.37000274658205,55.93999862670898,22693.3203125,6721.43017578125,6.917483790429602,0.04820089083152901,0.0,0.0,0.0,0.0,65.92296741329648,467.6600036621094,438.71950073242186,444.14720153808594,1.354684750433761,0.0,0.0,0.0,-1.6936289651631853,4.593280203208239,1,0,108547840.0,80340160.0,0.0,2.7493452668515954,1.9014543822776748,-4.617456293730249,0.0,16.479999542236328
2025-12-18,483.3699951171875,95168400,-0.448927929345333,17.6200008392334,4.151000022888184,98.43000030517578,56.150001525878906,23006.359375,6774.759765625,0.0,0.0,0.06099172198692493,0.3754074085187131,1.3794326180095018,0.7934262269941872,68.96476772074053,474.95599975585935,442.6885009765625,444.14720153808594,1.1931093859746174,0.0,0.0,3.4477560704677446,1.6957349098469576,6.3450149418837976,1,0,104673080.0,81503255.0,-10.631944287935813,3.235958200299577,2.007501968883691,0.0,-4.617456293730249,17.6200008392334
2025-12-18,483.3699951171875,95168400,-0.448927929345333,16.8700008392334,4.116000175476074,98.43000030517578,56.150001525878906,23006.359375,6774.759765625,-4.256526471497213,-0.8431666398247106,0.0,0.0,0.0,0.0,68.96476772074053,474.95599975585935,442.6885009765625,444.14720153808594,1.1931093859746174,0.0,0.0,0.0,-1.3288988529307932,6.3450149418837976,1,0,102185140.0,82666350.0,0.0,2.8694200121059397,2.007501968883691,3.4477560704677446,0.0,17.6200008392334
2025-12-19,481.2000122070313,103305400,1.564837611861325,16.8700008392334,4.116000175476074,98.5999984741211,56.65999984741211,23307.619140625,6834.5,0.0,0.0,0.17270971087903764,0.9082783751985346,1.3094630085295655,0.8818059450332205,67.92836685551558,479.40400390625,446.9870010375977,444.14720153808594,1.3034912117677022,0.0,0.0,-0.4489279293453219,-1.7718609841725574,5.758244441105775,1,1,101324600.0,85010245.0,8.55010696827938,2.867292687031603,2.0145307114062403,0.0,3.4477560704677446,16.8700008392334
2025-12-19,481.2000122070313,103305400,1.564837611861325,14.90999984741211,4.151000022888184,98.5999984741211,56.65999984741211,23307.619140625,6834.5,-11.618262562637515,0.8503363926135155,0.0,0.0,0.0,0.0,67.92836685551558,479.40400390625,446.9870010375977,444.14720153808594,1.3034912117677022,0.0,0.0,0.0,2.9833502011863855,5.758244441105775,1,1,100687600.0,87354140.0,0.0,1.6038987002921907,2.0145307114062403,-0.4489279293453219,0.0,16.8700008392334
2025-12-22,488.7300109863281,86916100,-0.648622625268469,14.90999984741211,4.151000022888184,98.29000091552734,58.0099983215332,23428.830078125,6878.490234375,0.0,0.0,-0.31439915151226794,2.3826305643429135,0.5200485590942661,0.6436496360377575,69.95907576972262,482.0880065917969,451.8690017700195,444.14720153808594,1.1061457604603362,0.0,0.0,1.5648376118613028,4.5948723990894,11.18113333532813,1,1,96772740.0,88241655.0,-15.86490154435296,1.610269072057365,1.8335415752731712,0.0,-0.4489279293453219,14.90999984741211
2025-12-22,488.7300109863281,86916100,-0.648622625268469,14.079999923706056,4.169000148773193,98.29000091552734,58.0099983215332,23428.830078125,6878.490234375,-5.566733281020886,0.43363348074580976,0.0,0.0,0.0,0.0,69.95907576972262,482.0880065917969,451.8690017700195,444.14720153808594,1.1061457604603362,0.0,0.0,0.0,1.1088846894274251,11.18113333532813,1,1,95122280.0,89129170.0,0.0,0.7747906416147994,1.8335415752731712,1.5648376118613028,0.0,14.90999984741211
2025-12-23,485.55999755859375,58223600,-0.0329523978321644,14.079999923706056,4.169000148773193,97.94000244140624,58.380001068115234,23561.83984375,6909.7900390625,0.0,0.0,-0.3560875682785958,0.6378258184584151,0.5677183418099307,0.45503887657032394,64.40980096740941,481.2240051269531,455.2580017089844,444.14720153808594,0.7596381778213197,0.0,0.0,-0.648622625268469,0.4530695871752144,9.072934589610671,1,1,87733320.0,88921980.0,-33.011720498273625,0.8699558765359923,1.8438657515953076,0.0,1.5648376118613028,14.079999923706056
2025-12-23,485.55999755859375,58223600,-0.0329523978321644,14.0,4.169000148773193,97.94000244140624,58.380001068115234,23561.83984375,6909.7900390625,-0.5681812794001706,0.0,0.0,0.0,0.0,0.0,64.40980096740941,481.2240051269531,455.2580017089844,444.14720153808594,0.7596381778213197,0.0,0.0,0.0,0.9060650957936067,9.072934589610671,1,1,78716960.0,88714790.0,0.0,0.8218178145389788,1.8438657515953076,-0.648622625268469,0.0,14.079999923706056
2025-12-24,485.3999938964844,41285400,-2.1034181259704576,14.0,4.169000148773193,97.9800033569336,58.34999847412109,23613.310546875,6932.0498046875,0.0,0.0,0.04084226519320833,-0.05139190381161507,0.2184494227374767,0.32214822012188726,62.14684557246573,484.852001953125,458.5580017089844,444.14720153808594,0.5496293815161769,0.0,0.0,-0.032952397832164415,0.8728141277864365,7.5202083888490145,1,1,66312960.0,87616185.0,-29.091639816157024,0.8237844623880698,1.832555790987856,0.0,-0.648622625268469,14.0
2025-12-24,485.3999938964844,41285400,-2.1034181259704576,13.470000267028809,4.136000156402588,97.9800033569336,58.34999847412109,23613.310546875,6932.0498046875,-3.7857123783656577,-0.7915565169820504,0.0,0.0,0.0,0.0,62.14684557246573,484.852001953125,458.5580017089844,444.14720153808594,0.5496293815161769,0.0,0.0,0.0,-0.6813612863927232,7.5202083888490145,1,1,57186820.0,86517580.0,0.0,0.28674390495271884,1.832555790987856,-0.032952397832164415,0.0,14.0
2025-12-26,475.1900024414063,58780700,-3.2723726747357573,13.470000267028809,4.136000156402588,98.0199966430664,56.7400016784668,23593.099609375,6929.93994140625,0.0,0.0,0.04081780441169691,-2.7592062343726353,-0.08559129165679469,-0.030436354912266594,57.3788475994816,483.2160034179688,460.9885025024414,444.14720153808594,0.7849895964743463,0.0,0.0,-2.1034181259704465,-2.7704475355618374,6.33265162911103,1,1,51559740.0,86657640.0,42.37648175868467,0.907596773782212,1.8915379049353604,0.0,-0.032952397832164415,13.470000267028809
2025-12-26,475.1900024414063,58780700,-3.2723726747357573,13.600000381469728,4.136000156402588,98.0199966430664,56.7400016784668,23593.099609375,6929.93994140625,0.96510847708835,0.0,0.0,0.0,0.0,0.0,57.3788475994816,483.2160034179688,460.9885025024414,444.14720153808594,0.7849895964743463,0.0,0.0,0.0,-2.1356773970936604,6.33265162911103,1,1,51671160.0,86797700.0,0.0,0.9371016313865588,1.8915379049353604,-2.1034181259704465,0.0,13.470000267028809
2025-12-29,459.6400146484375,66263000,-1.1335005235871831,13.600000381469728,4.136000156402588,98.04000091552734,58.08000183105469,23474.349609375,6905.740234375,0.0,0.0,0.020408358647250324,2.3616498289537935,-0.5033251330520905,-0.349205148036813,57.32438739191874,478.90400390625,462.4620025634766,444.14720153808594,0.8675282991127287,0.0,0.0,-3.2723726747357684,-5.338162748266429,0.14816611600576568,1,1,53279040.0,85328015.0,12.729178114585228,1.5233988313959532,1.9666512838426784,0.0,-2.1034181259704465,13.600000381469728
2025-12-29,459.6400146484375,66263000,-1.1335005235871831,14.199999809265137,4.116000175476074,98.04000091552734,58.08000183105469,23474.349609375,6905.740234375,4.411760374749107,-0.483558514753768,0.0,0.0,0.0,0.0,57.32438739191874,478.90400390625,462.4620025634766,444.14720153808594,0.8675282991127287,0.0,0.0,0.0,-5.306959120716515,0.14816611600576568,1,1,58274560.0,83858330.0,0.0,1.529130912350775,1.9666512838426784,-3.2723726747357684,0.0,13.600000381469728
2025-12-30,454.4299926757813,59238500,-1.0364613980130777,14.199999809265137,4.116000175476074,98.23999786376952,57.95000076293945,23419.080078125,6896.240234375,0.0,0.0,0.2039952533400058,-0.2238310330867188,-0.2354464859291694,-0.13756671519022934,53.3904443039539,472.0440002441407,463.6765014648437,444.14720153808594,0.7746621016589291,0.0,0.0,-1.133500523587172,-6.38030523488381,-4.392923563581985,1,1,61865180.0,81093145.0,-10.600938683729987,1.4092054022645644,1.7950334468651261,0.0,-3.2723726747357684,14.199999809265137
2025-12-30,454.4299926757813,59238500,-1.0364613980130777,14.329999923706056,4.130000114440918,98.23999786376952,57.95000076293945,23419.080078125,6896.240234375,0.9154937759653814,0.34013455704540174,0.0,0.0,0.0,0.0,53.3904443039539,472.0440002441407,463.6765014648437,444.14720153808594,0.7746621016589291,0.0,0.0,0.0,-4.368780836921083,-4.392923563581985,1,1,61956740.0,78327960.0,0.0,1.4239823235726674,1.7950334468651261,-1.133500523587172,0.0,14.199999809265137
2025-12-31,449.7200012207031,49078000,-2.590499391813139,14.329999923706056,4.130000114440918,98.27999877929688,57.41999816894531,23241.990234375,6845.5,0.0,0.0,0.04071754519257009,-0.9145860000283057,-0.7561776259325192,-0.7357666300846111,49.359207532931485,464.8760009765625,464.7005020141602,444.14720153808594,0.6504085727555302,0.0,0.0,-1.0364613980130888,-5.359961507995692,-8.197926688540047,1,1,60016200.0,75401455.0,-17.151852258244215,1.336384807718736,1.627768817670533,0.0,-1.133500523587172,14.329999923706056
2025-12-31,449.7200012207031,49078000,-2.590499391813139,14.949999809265137,4.163000106811523,98.27999877929688,57.41999816894531,23241.990234375,6845.5,4.326586802930943,0.7990312701255942,0.0,0.0,0.0,0.0,49.359207532931485,464.8760009765625,464.7005020141602,444.14720153808594,0.6504085727555302,0.0,0.0,0.0,-2.1582136262270013,-8.197926688540047,1,1,56579200.0,72474950.0,0.0,0.5952580781275951,1.627768817670533,-1.0364613980130888,0.0,14.329999923706056
2026-01-02,438.0700073242188,85535400,3.1045280151877908,14.949999809265137,4.163000106811523,98.41999816894533,57.31999969482422,23235.630859375,6858.47021484375,0.0,0.0,0.1424495231861389,-0.17415269472296213,-0.02736157676632711,0.18947067188299638,46.89611132733464,455.4100036621094,464.2670028686524,444.14720153808594,1.1350268223225897,0.0,0.0,-2.590499391813128,-4.692804507178694,-6.247057704777204,0,1,60433680.0,71427200.0,74.28460817474225,1.065054503561524,1.3993588550468898,0.0,-1.0364613980130888,14.949999809265137
2026-01-02,438.0700073242188,85535400,3.1045280151877908,14.510000228881836,4.186999797821045,98.41999816894533,57.31999969482422,23235.630859375,6858.47021484375,-2.943141043457509,0.5764998893527107,0.0,0.0,0.0,0.0,46.89611132733464,455.4100036621094,464.2670028686524,444.14720153808594,1.1350268223225897,0.0,0.0,0.0,-3.600111263614314,-6.247057704777204,0,1,65693060.0,70379450.0,0.0,1.135117880923396,1.3993588550468898,-2.590499391813128,0.0,14.949999809265137
2026-01-05,451.6700134277344,67940800,-4.142409594709518,14.510000228881836,4.186999797821045,98.2699966430664,58.31999969482422,23395.8203125,6902.0498046875,0.0,0.0,-0.1524096003552411,1.7445917748152073,0.6894129713735264,0.6354126864826393,47.46188330515541,450.706005859375,464.1240036010742,444.14720153808594,0.9039306283321572,0.0,0.0,3.1045280151877908,-0.6073497111833581,-6.558119455008338,0,1,67433520.0,69018070.0,-20.5699628457925,2.083773399678934,1.35212154028936,0.0,-2.590499391813128,14.510000228881836
2026-01-05,451.6700134277344,67940800,-4.142409594709518,14.899999618530272,4.164999961853027,98.2699966430664,58.31999969482422,23395.8203125,6902.0498046875,2.687797267378067,-0.5254319806622942,0.0,0.0,0.0,0.0,47.46188330515541,450.706005859375,464.1240036010742,444.14720153808594,0.9039306283321572,0.0,0.0,0.0,0.4336058440225443,-6.558119455008338,0,1,71206080.0,67656690.0,0.0,2.018411269472871,1.35212154028936,3.1045280151877908,0.0,14.510000228881836
2026-01-06,432.9599914550781,89093800,-0.3579979267275046,14.899999618530272,4.164999961853027,98.58000183105467,57.130001068115234,23547.169921875,6944.81982421875,0.0,0.0,0.31546270334603665,-2.0404640482441505,0.646908752731945,0.6196712678341321,35.49359260486564,445.3700012207031,463.0220031738281,444.14720153808594,1.1601535441804127,0.0,0.0,-4.142409594709518,-3.7267654807729866,-10.024941714090897,0,1,79209240.0,66946110.0,31.134458234227445,2.7782777422255025,1.5989407260851252,0.0,3.1045280151877908,14.899999618530272
2026-01-06,432.9599914550781,89093800,-0.3579979267275046,14.75,4.178999900817871,98.58000183105467,57.130001068115234,23547.169921875,6944.81982421875,-1.006708874970208,0.3361329914302047,0.0,0.0,0.0,0.0,35.49359260486564,445.3700012207031,463.0220031738281,444.14720153808594,1.1601535441804127,0.0,0.0,0.0,-1.166483845893318,-10.024941714090897,0,1,79920920.0,66235530.0,0.0,2.5778970020544465,1.5989407260851252,-4.142409594709518,0.0,14.899999618530272
2026-01-07,431.4100036621094,59828800,1.0175897854927118,14.75,4.178999900817871,98.68000030517578,55.9900016784668,23584.279296875,6920.93017578125,0.0,0.0,0.10143890471059347,-1.995447870356648,0.15759590270558732,-0.3439923431013958,28.01052678695423,440.7660034179688,462.61350402832034,444.14720153808594,0.7838383261394887,0.0,0.0,-0.35799792672750463,-1.5203057846369106,-11.728358405602846,0,1,74779600.0,64881165.0,-32.84740352302854,2.5756609852509316,1.5233521405010106,0.0,-4.142409594709518,14.75
2026-01-07,431.4100036621094,59828800,1.0175897854927118,15.380000114440918,4.138000011444092,98.68000030517578,55.9900016784668,23584.279296875,6920.93017578125,4.2711872165486,-0.9810933320614668,0.0,0.0,0.0,0.0,28.01052678695423,440.7660034179688,462.61350402832034,444.14720153808594,0.7838383261394887,0.0,0.0,0.0,-4.485577780971406,-11.728358405602846,0,1,73157200.0,63526800.0,0.0,1.8191334608874419,1.5233521405010106,-0.35799792672750463,0.0,14.75
2026-01-08,435.7999877929688,57041100,2.113359850994656,15.380000114440918,4.138000011444092,98.93000030517578,57.7599983215332,23480.01953125,6921.4599609375,0.0,0.0,0.25334414189992494,3.1612727094222137,-0.44207314674574727,0.00765482590914246,36.28834117554421,437.98200073242185,462.145002746582,444.14720153808594,0.749932258915693,0.0,0.0,1.017589785492734,-3.51363277679817,-10.247963179796393,0,1,70977260.0,63467675.0,-4.659461663947795,1.9935649513534919,1.5661293313221882,0.0,-0.35799792672750463,15.380000114440918
2026-01-08,435.7999877929688,57041100,2.113359850994656,15.449999809265137,4.183000087738037,98.93000030517578,57.7599983215332,23480.01953125,6921.4599609375,0.4551345533378326,1.0874837160341322,0.0,0.0,0.0,0.0,36.28834117554421,437.98200073242185,462.145002746582,444.14720153808594,0.749932258915693,0.0,0.0,0.0,0.6559489084305703,-10.247963179796393,0,1,64566720.0,63408550.0,0.0,0.5188061302284489,1.5661293313221882,1.017589785492734,0.0,15.380000114440918
2026-01-09,445.010009765625,67331500,0.887616368794375,15.449999809265137,4.183000087738037,99.12999725341795,59.119998931884766,23671.349609375,6966.27978515625,0.0,0.0,0.2021600602701179,2.3545717622442286,0.8148633687052653,0.6475487031883276,32.211100563083534,439.3700012207031,461.8230026245117,444.14720153808594,0.8828581045368298,0.0,0.0,2.113359850994656,2.7831713202990382,-8.320969229240017,0,1,60214260.0,64710855.0,18.040325309294538,1.0114456374349097,1.6717647996013274,0.0,1.017589785492734,15.449999809265137
2026-01-09,445.010009765625,67331500,0.887616368794375,14.489999771118164,4.171000003814697,99.12999725341795,59.119998931884766,23671.349609375,6966.27978515625,-6.213592556624336,-0.28687744852113894,0.0,0.0,0.0,0.0,32.211100563083534,439.3700012207031,461.8230026245117,444.14720153808594,0.8828581045368298,0.0,0.0,0.0,3.1524549704618154,-8.320969229240017,0,1,61714800.0,66013160.0,0.0,0.9409051102650047,1.6717647996013274,2.113359850994656,0.0,15.449999809265137
2026-01-12,448.9599914550781,61649600,-0.3920124914344347,14.489999771118164,4.171000003814697,98.86000061035156,59.5,23733.900390625,6977.27001953125,0.0,0.0,-0.2723662368073754,0.6427623054476861,0.2642467889757638,0.1577633215136931,35.291962154863896,438.8279968261719,461.9265014648437,444.14720153808594,0.8053625869746616,0.0,0.0,0.887616368794375,4.068053045592879,-5.519899587862753,0,1,62078960.0,66156605.0,-8.43869511298575,0.8746237907989023,1.6468495682369273,0.0,2.113359850994656,14.489999771118164
2026-01-12,448.9599914550781,61649600,-0.3920124914344347,15.119999885559082,4.186999797821045,98.86000061035156,59.5,23733.900390625,6977.27001953125,4.347826945426525,0.38359611584066755,0.0,0.0,0.0,0.0,35.291962154863896,438.8279968261719,461.9265014648437,444.14720153808594,0.8053625869746616,0.0,0.0,0.0,3.019734747757985,-5.519899587862753,0,1,63000660.0,66300050.0,0.0,0.9291099267040496,1.6468495682369273,0.887616368794375,0.0,14.489999771118164
2026-01-13,447.2000122070313,53719200,-1.7889087168218576,15.119999885559082,4.186999797821045,99.12999725341795,61.150001525878906,23709.869140625,6963.740234375,0.0,0.0,0.2731100964995514,2.773111808199835,-0.10125284763347064,-0.19391230550597216,30.00096111425768,441.6760009765625,461.33850250244143,444.14720153808594,0.7215279643260087,0.0,0.0,-0.3920124914344236,2.6158845189041546,-2.7064663747609297,0,1,62336280.0,65672860.0,-12.863668215203338,1.0057942289820643,1.4888869205372457,0.0,0.887616368794375,15.119999885559082
2026-01-13,447.2000122070313,53719200,-1.7889087168218576,15.979999542236328,4.171000003814697,99.12999725341795,61.150001525878906,23709.869140625,6963.740234375,5.6878284602278395,-0.3821302789332348,0.0,0.0,0.0,0.0,30.00096111425768,441.6760009765625,461.33850250244143,444.14720153808594,0.7215279643260087,0.0,0.0,0.0,0.49212431031826487,-2.7064663747609297,0,1,59613820.0,65045670.0,0.0,0.4723377951586923,1.4888869205372457,-0.3920124914344236,0.0,15.119999885559082
2026-01-14,439.2000122070313,57259500,-0.1434437307154534,15.979999542236328,4.171000003814697,99.12999725341795,62.02000045776367,23471.75,6926.60009765625,0.0,0.0,0.0,1.422729207155582,-1.0043039006782273,-0.5333360445499591,28.667404376265598,443.2340026855469,459.53300323486326,443.8000018310547,0.7998492481931121,0.0,0.0,-1.7889087168218576,-1.3055880611884785,-3.351447024672072,0,1,57599420.0,64946720.0,6.59038109279364,0.9756028299413718,1.5191235286942062,0.0,-0.3920124914344236,15.979999542236328
2026-01-14,439.2000122070313,57259500,-0.1434437307154534,16.75,4.139999866485596,99.12999725341795,62.02000045776367,23471.75,6926.60009765625,4.818526156577807,-0.7432303356688985,0.0,0.0,0.0,0.0,28.667404376265598,443.2340026855469,459.53300323486326,443.8000018310547,0.7998492481931121,0.0,0.0,0.0,-2.173908462625984,-3.351447024672072,0,1,56721400.0,64847770.0,0.0,0.7750136655629776,1.5191235286942062,-1.7889087168218576,0.0,15.979999542236328
2026-01-15,438.5700073242188,49465800,-0.2439764020223389,16.75,4.139999866485596,99.31999969482422,59.18999862670898,23530.01953125,6944.47021484375,0.0,0.0,0.1916699754571205,-4.563047097979234,0.24825388498939116,0.25799262171273263,28.54393953418527,443.7880065917969,456.9675033569336,443.2040020751953,0.7202280114879351,0.0,0.0,-0.14344373071545347,-2.3142338579403066,-2.4793191021567185,0,1,54284640.0,64867160.0,-13.611191156052705,0.7572829425880415,1.5050421054656362,0.0,-1.7889087168218576,16.75
2026-01-15,438.5700073242188,49465800,-0.2439764020223389,15.84000015258789,4.159999847412109,99.31999969482422,59.18999862670898,23530.01953125,6944.47021484375,-5.432834909923045,0.4830913423070182,0.0,0.0,0.0,0.0,28.54393953418527,443.7880065917969,456.9675033569336,443.2040020751953,0.7202280114879351,0.0,0.0,0.0,-1.9297863701348117,-2.4793191021567185,0,1,53433960.0,64886550.0,0.0,0.7864434666112554,1.5050421054656362,-0.14344373071545347,0.0,16.75
2026-01-16,437.5,60220600,-4.171428571428571,15.84000015258789,4.159999847412109,99.38999938964844,59.43999862670898,23515.390625,6940.009765625,0.0,0.0,0.07047895191230058,0.42236865315146144,-0.06217124567436949,-0.06423023039563436,31.15311225000549,442.2860046386719,455.47950286865233,443.0688018798828,0.9073841529694008,0.0,0.0,-0.24397640202235005,-2.1690545488045943,-0.13011786122963942,0,1,54734240.0,63620810.0,21.74189035656959,0.7637102744924671,1.3888517923626997,0.0,-0.14344373071545347,15.84000015258789
2026-01-16,437.5,60220600,-4.171428571428571,15.859999656677246,4.230999946594238,99.38999938964844,59.43999862670898,23515.390625,6940.009765625,0.12625949429734273,1.7067332160191517,0.0,0.0,0.0,0.0,31.15311225000549,442.2860046386719,455.47950286865233,443.0688018798828,0.9073841529694008,0.0,0.0,0.0,-0.38707016388468407,-0.13011786122963942,0,1,55326460.0,62355070.0,0.0,0.11189472370852775,1.3888517923626997,-0.24397640202235005,0.0,15.84000015258789
2026-01-20,419.25,63187300,2.907573629435012,15.859999656677246,4.230999946594238,98.63999938964844,60.34000015258789,22954.3203125,6796.85986328125,0.0,0.0,-0.7546030834145623,1.5141344997853023,-2.385970624291933,-2.062675805627745,30.33400833178304,436.34400634765626,452.273503112793,442.2124017333985,0.975591341461447,0.0,0.0,-4.171428571428571,-4.5423523799054895,-7.177809565372328,0,1,56512020.0,62117395.0,4.926387315968284,1.825123051581733,1.483320651352,0.0,-0.24397640202235005,15.859999656677246
2026-01-20,419.25,63187300,2.907573629435012,20.09000015258789,4.295000076293945,98.63999938964844,60.34000015258789,22954.3203125,6796.85986328125,26.67087381764075,1.512647849386628,0.0,0.0,0.0,0.0,30.33400833178304,436.34400634765626,452.273503112793,442.2124017333985,0.975591341461447,0.0,0.0,0.0,-4.405227672109424,-7.177809565372328,0,1,59256320.0,61879720.0,0.0,1.841275413630411,1.483320651352,-4.171428571428571,0.0,15.859999656677246
2026-01-21,431.4400024414063,68124000,4.1535283721378935,20.09000015258789,4.295000076293945,98.76000213623048,60.619998931884766,23224.8203125,6875.6201171875,0.0,0.0,0.12165728641988505,0.46403509875507787,1.178427399798454,1.1587741323274559,39.51855848595834,433.1920043945312,449.7855026245117,441.9230017089844,1.0811765627317371,0.0,0.0,2.907573629435012,-1.6257392807852322,-0.35106916197117366,0,1,62987960.0,60831230.0,7.812804155265374,2.5228760447880165,1.3708449347853053,0.0,-4.171428571428571,20.09000015258789
2026-01-21,431.4400024414063,68124000,4.1535283721378935,16.899999618530273,4.252999782562256,98.76000213623048,60.619998931884766,23224.8203125,6875.6201171875,-15.878549078292059,-0.977888078827005,0.0,0.0,0.0,0.0,39.51855848595834,433.1920043945312,449.7855026245117,441.9230017089844,1.0811765627317371,0.0,0.0,0.0,-1.3851422991071338,-0.35106916197117366,0,1,64568640.0,59782740.0,0.0,2.5266249659494475,1.3708449347853053,2.907573629435012,0.0,20.09000015258789
2026-01-22,449.3599853515625,71546700,-0.0667589021603798,16.899999618530273,4.252999782562256,98.36000061035156,59.36000061035156,23436.01953125,6913.35009765625,0.0,0.0,-0.4050238125017036,-2.078519207743623,0.909368580287051,0.5487502192628835,49.853509137269775,435.2239990234375,447.81700134277344,442.3198016357422,1.149516959691867,0.0,0.0,4.1535283721378935,2.7108537946428646,4.160770853035656,0,1,66833860.0,60368635.0,5.024220539017077,3.2185616418166725,1.6525653634726831,0.0,2.907573629435012,16.899999618530273
2026-01-22,449.3599853515625,71546700,-0.0667589021603798,15.640000343322754,4.249000072479248,98.36000061035156,59.36000061035156,23436.01953125,6913.35009765625,-7.455617181351726,-0.09404444597921335,0.0,0.0,0.0,0.0,49.853509137269775,435.2239990234375,447.81700134277344,442.3198016357422,1.149516959691867,0.0,0.0,0.0,7.181868897212285,4.160770853035656,0,1,68505740.0,60954530.0,0.0,1.9833021739901966,1.6525653634726831,4.1535283721378935,0.0,16.899999618530273
2026-01-23,449.05999755859375,56771400,-3.086444000114718,15.640000343322754,4.249000072479248,97.5999984741211,61.06999969482422,23501.240234375,6915.60986328125,0.0,0.0,-0.7726739848662456,2.8807261908526005,0.27829257881455405,0.03268698377891788,54.92692251493592,437.3219970703125,445.9920013427735,442.3964013671875,0.9131924748168492,0.0,0.0,-0.06675890216037983,7.110315458221517,3.042682454576906,0,1,67222560.0,60941045.0,-20.65126693474332,1.9953741517130363,1.642675077369785,0.0,4.1535283721378935,15.640000343322754
2026-01-23,449.05999755859375,56771400,-3.086444000114718,16.09000015258789,4.238999843597412,97.5999984741211,61.06999969482422,23501.240234375,6915.60986328125,2.877236568970143,-0.2353548767063396,0.0,0.0,0.0,0.0,54.92692251493592,437.3219970703125,445.9920013427735,442.3964013671875,0.9131924748168492,0.0,0.0,0.0,4.083996620035335,3.042682454576906,0,1,64952040.0,60927560.0,0.0,1.865202251032315,1.642675077369785,-0.06675890216037983,0.0,15.640000343322754
2026-01-26,435.2000122070313,49397400,-0.9880556502607108,16.09000015258789,4.238999843597412,97.04000091552734,60.630001068115234,23601.359375,6950.22998046875,0.0,0.0,-0.5737679993327416,-0.7204824445844471,0.42601641286383884,0.5006083031276365,42.633505253563,436.8619995117188,443.4820022583008,442.3080017089844,0.7894280748024068,0.0689655172413793,30.0,-3.0864440001146964,0.8715023512766651,-2.20444424694185,0,1,61206720.0,60030855.0,-12.988934569166865,2.5778993893228686,1.7270299622893295,0.0,-0.06675890216037983,16.09000015258789
2026-01-26,435.2000122070313,49397400,-0.9880556502607108,16.149999618530273,4.2129998207092285,97.04000091552734,60.630001068115234,23601.359375,6950.22998046875,0.37289910113973423,-0.613352768282216,0.0,0.0,0.0,0.0,42.633505253563,436.8619995117188,443.4820022583008,442.3080017089844,0.7894280748024068,0.0689655172413793,30.0,0.0,-3.151142426144815,-2.20444424694185,0,1,56776860.0,59134150.0,0.0,1.3731401611159808,1.7270299622893295,-3.0864440001146964,0.0,16.09000015258789
2026-01-27,430.8999938964844,37733100,0.1299599829486908,16.149999618530273,4.2129998207092285,96.22000122070312,62.38999938964844,23817.099609375,6978.60009765625,0.0,0.0,-0.8450120435778086,2.902850553401648,0.9141008826954566,0.40818961771371676,48.94228858777303,439.1919982910157,441.2675018310547,442.3140014648437,0.6133341677330322,0.0689655172413793,30.0,-0.9880556502607218,-4.108063035616249,-4.0226296111734445,0,0,50014140.0,57938325.0,-23.61318611910749,1.3301167998604144,1.7216549998253408,0.0,-3.0864440001146964,16.149999618530273
2026-01-27,430.8999938964844,37733100,0.1299599829486908,16.350000381469727,4.2230000495910645,96.22000122070312,62.38999938964844,23817.099609375,6978.60009765625,1.2383948462139527,0.23736599352981447,0.0,0.0,0.0,0.0,48.94228858777303,439.1919982910157,441.2675018310547,442.3140014648437,0.6133341677330322,0.0689655172413793,30.0,0.0,-4.044003866040158,-4.0226296111734445,0,0,46206480.0,56742500.0,0.0,1.3399702472139332,1.7216549998253408,-0.9880556502607218,0.0,16.149999618530273
2026-01-28,431.4599914550781,54857400,-3.453389466363932,16.350000381469727,4.2230000495910645,96.4499969482422,63.209999084472656,23857.44921875,6978.02978515625,0.0,0.0,0.23903110020913054,1.3143127149321199,0.16941445447504755,-0.008172305219089626,50.025929980820045,439.19599609375,439.8585006713867,442.9034014892578,0.9000246837643914,0.0689655172413793,30.0,0.12995998294869082,-3.9192994698262207,-3.519682540765745,0,0,45823680.0,56799410.0,45.38270112977732,1.360827091647171,1.722403545804227,0.0,-0.9880556502607218,16.350000381469727
2026-01-28,431.4599914550781,54857400,-3.453389466363932,16.350000381469727,4.250999927520752,96.4499969482422,63.209999084472656,23857.44921875,6978.02978515625,0.0,0.6630328581786138,0.0,0.0,0.0,0.0,50.025929980820045,439.19599609375,439.8585006713867,442.9034014892578,0.9000246837643914,0.0689655172413793,30.0,0.0,-0.8593797442666418,-3.519682540765745,0,0,46915680.0,56856320.0,0.0,0.4598581113583388,1.722403545804227,0.12995998294869082,0.0,16.350000381469727
2026-01-29,416.55999755859375,81686100,3.3248526466028494,16.350000381469727,4.250999927520752,96.27999877929688,65.41999816894531,23685.119140625,6969.009765625,0.0,0.0,-0.1762552351728508,3.4962808360734954,-0.7223323690009664,-0.1292631274007694,41.00093693850064,432.63599853515626,437.96500091552736,443.14760131835936,1.315960345317135,0.0689655172413793,30.0,-3.453389466363932,-4.283091481066004,-5.154830150087852,0,0,53373420.0,58077650.0,48.906255126929096,1.5166790662490013,1.8411244708432055,0.0,0.12995998294869082,16.350000381469727
2026-01-29,416.55999755859375,81686100,3.3248526466028494,16.8799991607666,4.227000236511231,96.27999877929688,65.41999816894531,23685.119140625,6969.009765625,3.2415826723621866,-0.5645657826091166,0.0,0.0,0.0,0.0,41.00093693850064,432.63599853515626,437.96500091552736,443.14760131835936,1.315960345317135,0.0689655172413793,30.0,0.0,-3.3279175077768786,-5.154830150087852,0,0,62164020.0,59298980.0,0.0,1.559948051804503,1.8411244708432055,-3.453389466363932,0.0,16.350000381469727
2026-01-30,430.4100036621094,82626100,-1.9980962408733929,16.8799991607666,4.227000236511231,96.98999786376952,65.20999908447266,23461.8203125,6939.02978515625,0.0,0.0,0.7374315470237702,-0.32100136097579224,-0.9427811057196478,-0.4301899620894223,43.45525687008354,428.9059997558594,436.99950103759767,443.57740112304685,1.29607982835661,0.0689655172413793,30.0,3.3248526466028494,-0.11371321450812655,-1.860593183718795,0,0,71142620.0,60956995.0,1.1507465774470704,2.3977819500584636,2.0073389231825183,0.0,-3.453389466363932,16.8799991607666
2026-01-30,430.4100036621094,82626100,-1.9980962408733929,17.440000534057617,4.241000175476074,96.98999786376952,65.20999908447266,23461.8203125,6939.02978515625,3.3175438455743667,0.33120270124227247,0.0,0.0,0.0,0.0,43.45525687008354,428.9059997558594,436.99950103759767,443.57740112304685,1.29607982835661,0.0689655172413793,30.0,0.0,-0.24335693083099574,-1.860593183718795,0,0,76696360.0,62615010.0,0.0,2.3967289993451746,2.0073389231825183,3.3248526466028494,0.0,16.8799991607666
2026-02-02,421.80999755859375,58739500,0.0355595878126502,17.440000534057617,4.241000175476074,97.61000061035156,62.13999938964844,23592.109375,6976.43994140625,0.0,0.0,0.6392440047817027,-4.7078664896887386,0.5553237590460336,0.539126612916796,38.3165502809987,426.2279968261719,436.1865005493164,443.9886010742188,0.9411724554579616,0.1655172413793103,30.0,-1.9980962408733927,-2.236590666017546,-3.586286272321426,0,0,77472780.0,62540955.0,-28.909267168606533,2.552862064472492,2.0529274220821714,0.0,3.3248526466028494,17.440000534057617
2026-02-02,421.80999755859375,58739500,0.0355595878126502,16.34000015258789,4.275000095367432,97.61000061035156,62.13999938964844,23592.109375,6976.43994140625,-6.307341443720693,0.8016957907232447,0.0,0.0,0.0,0.0,38.3165502809987,426.2279968261719,436.1865005493164,443.9886010742188,0.9411724554579616,0.1655172413793103,30.0,0.0,1.2603226499831033,-3.586286272321426,0,0,72883460.0,62466900.0,0.0,1.9167014111087783,2.0529274220821714,-1.9980962408733927,0.0,17.440000534057617
2026-02-03,421.9599914550781,56886500,-3.779974882085746,16.34000015258789,4.275000095367432,97.44000244140624,63.209999084472656,23255.189453125,6917.81005859375,0.0,0.0,-0.17416060637468478,1.7219177749178805,-1.428104272151376,-0.8403983020698336,38.985851060458,424.43999633789065,434.7009994506836,444.3480010986328,0.9196264299017738,0.1655172413793103,30.0,0.03555958781265023,1.2963304033351886,0.6463903291778372,0,0,67923540.0,62151860.0,-3.1546063551783687,1.9155362969967213,1.8232094038311064,0.0,-1.9980962408733927,16.34000015258789
2026-02-03,421.9599914550781,56886500,-3.779974882085746,18.0,4.27400016784668,97.44000244140624,63.209999084472656,23255.189453125,6917.81005859375,10.159117698350828,-0.02339011692269466,0.0,0.0,0.0,0.0,38.985851060458,424.43999633789065,434.7009994506836,444.3480010986328,0.9196264299017738,0.1655172413793103,30.0,0.0,-1.9632471678480923,0.6463903291778372,0,0,62775620.0,61836820.0,0.0,0.8976835535360481,1.8232094038311064,0.03555958781265023,0.0,16.34000015258789
2026-02-04,406.010009765625,74606900,-2.167438757390938,18.0,4.27400016784668,97.62000274658205,65.13999938964844,22904.580078125,6882.72021484375,0.0,0.0,0.1847293726044974,3.053314876016011,-1.5076607984928048,-0.5072391906223106,36.456373525489774,419.35,433.3535003662109,444.5636010742188,1.220384590061901,0.1655172413793103,30.0,-3.779974882085746,-5.66901180011593,-5.894212991813374,0,0,61171780.0,62160965.0,31.150448700482535,1.7092816791724863,1.8834036075427687,0.0,0.03555958781265023,18.0
2026-02-04,406.010009765625,74606900,-2.167438757390938,18.63999938964844,4.275000095367432,97.62000274658205,65.13999938964844,22904.580078125,6882.72021484375,3.5555521647135713,0.023395589178365483,0.0,0.0,0.0,0.0,36.456373525489774,419.35,433.3535003662109,444.5636010742188,1.220384590061901,0.1655172413793103,30.0,0.0,-3.7457594377605874,-5.894212991813374,0,0,64345260.0,62485110.0,0.0,1.6945018009939763,1.8834036075427687,-3.779974882085746,0.0,18.0
2026-02-05,397.2099914550781,72819800,3.4994069120882987,18.63999938964844,4.275000095367432,97.81999969482422,63.290000915527344,22540.58984375,6798.39990234375,0.0,0.0,0.2048729180651243,-2.8400345278711825,-1.589159168749088,-1.2251015567674717,34.17749745083623,415.47999877929686,431.64349975585935,444.6860009765625,1.1786290751693718,0.1655172413793103,30.0,-2.167438757390938,-5.832011153338879,-11.60539335866414,0,0,67161320.0,62548765.0,-2.3953548532374302,1.7318531761446796,1.6095777152867359,0.0,-3.779974882085746,18.63999938964844
2026-02-05,397.2099914550781,72819800,3.4994069120882987,21.770000457763672,4.210000038146973,97.81999969482422,63.290000915527344,22540.58984375,6798.39990234375,16.791851773629606,-1.5204691408286952,0.0,0.0,0.0,0.0,34.17749745083623,415.47999877929686,431.64349975585935,444.6860009765625,1.1786290751693718,0.1655172413793103,30.0,0.0,-5.865484998862714,-11.60539335866414,0,0,70347980.0,62612420.0,0.0,1.7256632838153048,1.6095777152867359,-2.167438757390938,0.0,18.63999938964844
2026-02-06,411.1099853515625,62559600,3.4994069120882987,21.770000457763672,4.210000038146973,97.62999725341795,63.54999923706055,23031.2109375,6932.2998046875,0.0,0.0,-0.194236804333503,0.4108047365652956,2.1766116022293724,1.9695796697335899,40.8067928363515,411.6199951171875,430.40899963378905,444.5526007080078,1.0080600199164027,0.1655172413793103,30.0,3.4994069120882987,-2.571335274252118,-8.450989269441555,0,0,71482600.0,62901830.0,-14.089849189368831,2.740132397583333,1.8514110755227808,0.0,-2.167438757390938,21.770000457763672
